danceability,energy,key,loudness,speechiness,acousticness,instrumentalness,liveness,valence,tempo,duration_ms,time_signature
0.758,0.878,11,-6.656,0.0549,0.39,0.866,0.1,0.0668,134.019,336716,4
0.81,0.836,1,-7.721,0.0645,0.0515,0.229,0.0598,0.0585,139.979,146571,4
0.863,0.773,11,-3.944,0.34,0.435,0.0599,0.1,0.662,123.339,336230,4
0.652,0.244,5,-21.979,0.054,0.832,0.904,0.133,0.522,169.81,289960,4
0.625,0.624,0,-7.812,0.139,0.306,0.0,0.135,0.769,119.975,291273,4
0.708,0.872,11,-6.719,0.0336,0.236,0.0661,0.108,0.742,140.063,174417,4
0.395,0.338,9,-12.271,0.0306,0.88,0.461,0.168,0.077,80.017,107853,4
0.437,0.601,10,-8.632,0.044,0.0311,0.765,0.0914,0.0557,120.862,272867,4
0.728,0.085,4,-25.631,0.233,0.925,0.831,0.0992,0.753,142.199,180279,4
0.71,0.866,1,-4.891,0.0442,0.000862,0.467,0.0607,0.196,126.028,291401,4
0.857,0.0986,10,-20.584,0.117,0.989,0.121,0.118,0.451,126.103,129865,4
0.562,0.604,2,-11.349,0.0296,0.386,0.0375,0.088,0.799,145.295,308323,4
0.615,0.671,8,-12.611,0.0499,0.0514,0.0166,0.285,0.762,124.614,287078,4
0.761,0.637,7,-8.169,0.0268,0.439,0.0082,0.102,0.656,125.115,235387,4
0.742,0.718,8,-8.678,0.0896,0.0287,0.861,0.12,0.971,149.98,681038,4
0.802,0.968,7,-5.441,0.064,0.00707,0.879,0.0694,0.351,131.979,528415,4
0.678,0.538,7,-11.139,0.0502,0.404,0.86,0.0886,0.658,134.022,174735,4
0.818,0.767,11,-8.278,0.304,0.0444,0.000286,0.347,0.38,128.059,316865,4
0.795,0.818,11,-6.156,0.0649,0.0749,8.12e-05,0.0958,0.967,113.657,359613,4
0.493,0.851,6,-4.953,0.0304,0.53,0.00355,0.223,0.887,94.002,150827,4
0.627,0.714,10,-11.029,0.0334,0.0328,0.0124,0.0765,0.421,129.613,244946,4
0.64,0.405,7,-14.358,0.0441,0.679,0.652,0.115,0.587,95.119,212907,4
0.77,0.862,10,-12.751,0.0769,0.113,1.84e-05,0.0659,0.733,95.041,152600,4
0.672,0.689,5,-9.728,0.0281,0.12,0.253,0.188,0.961,101.059,271427,4
0.739,0.415,10,-7.698,0.0465,0.86,0.934,0.163,0.917,115.799,157733,4
0.71,0.866,1,-4.891,0.0441,0.000855,0.466,0.0607,0.196,126.028,291401,4
0.428,0.265,1,-15.486,0.0292,0.0356,0.835,0.28,0.323,137.952,220502,4
0.407,0.222,4,-17.839,0.0347,0.413,0.0185,0.154,0.427,138.745,142115,4
0.864,0.613,2,-6.505,0.781,0.038,0.0,0.123,0.169,150.067,91200,4
0.499,0.953,0,-6.284,0.162,0.71,0.00111,0.66,0.725,102.269,116040,4
0.769,0.544,5,-10.571,0.0377,0.185,0.0371,0.173,0.555,131.987,221846,4
0.432,0.126,5,-26.517,0.0646,0.924,0.815,0.116,0.0893,90.311,498480,3
0.419,0.466,0,-15.283,0.039,0.76,0.582,0.124,0.819,102.628,476067,4
0.512,0.64,7,-13.197,0.0427,0.0378,0.68,0.109,0.485,172.052,100963,4
0.776,0.736,6,-12.301,0.0913,0.00114,0.878,0.0835,0.353,128.998,530324,4
0.921,0.233,7,-16.077,0.13,0.843,4.81e-06,0.0903,0.682,120.932,172334,4
0.397,0.507,5,-5.478,0.0767,0.583,0.0875,0.205,0.705,179.687,235250,4
0.462,0.88,10,-6.197,0.139,0.0515,0.688,0.112,0.523,145.309,304373,4
0.672,0.984,10,-7.456,0.0445,0.0594,0.888,0.0953,0.78,116.1,430811,4
0.754,0.955,11,-8.795,0.0402,0.613,0.863,0.105,0.461,128.005,465938,4
0.602,0.881,1,-5.875,0.0443,0.00462,0.0266,0.111,0.577,125.012,467587,4
0.452,0.33,1,-15.278,0.164,0.172,0.0,0.278,0.682,89.219,213827,4
0.792,0.813,1,-10.476,0.0518,0.632,0.876,0.0865,0.592,120.04,429000,4
0.831,0.468,1,-10.45,0.224,0.141,0.562,0.0899,0.732,146.936,223835,4
0.522,0.231,8,-18.562,0.0335,0.556,0.676,0.117,0.639,114.307,178000,4
0.562,0.817,9,-10.942,0.052,0.359,0.0136,0.106,0.948,115.599,179290,4
0.531,0.773,8,-8.211,0.076,0.538,0.0,0.1,0.771,81.981,210580,4
0.188,0.465,4,-10.946,0.0362,0.897,0.000963,0.411,0.323,103.256,129866,4
0.061,0.00978,5,-27.63,0.0437,0.994,0.969,0.079,0.036,67.224,1411791,4
0.815,0.575,1,-13.16,0.0537,0.0303,0.723,0.299,0.964,117.349,253179,4
0.863,0.601,1,-8.997,0.0703,0.00205,0.931,0.0838,0.198,128.014,411819,4
0.459,0.544,10,-10.973,0.0534,0.278,0.752,0.233,0.845,170.056,25743,4
0.607,0.574,2,-15.489,0.0756,0.0577,0.00484,0.101,0.33,106.621,365942,4
0.258,0.709,8,-4.4,0.0829,0.244,0.000436,0.0881,0.325,166.0,210293,4
0.676,0.906,8,-7.446,0.0496,0.702,0.761,0.123,0.511,124.029,201411,4
0.626,0.848,7,-6.063,0.0751,0.367,2.16e-05,0.378,0.808,118.324,201600,4
0.322,0.694,2,-9.879,0.102,0.197,0.0128,0.0917,0.544,162.625,519427,1
0.365,0.597,6,-14.033,0.0335,0.418,0.87,0.0372,0.563,90.053,464080,4
0.871,0.643,7,-5.947,0.086,0.00895,0.0274,0.0751,0.579,117.335,336103,4
0.45,0.586,4,-9.314,0.0581,0.0639,0.00458,0.151,0.795,127.852,248271,4
0.543,0.545,9,-12.414,0.0284,0.128,0.0,0.0712,0.803,93.797,223320,4
0.376,0.283,9,-16.59,0.0304,0.836,0.0183,0.0732,0.227,125.879,363604,3
0.308,0.188,5,-18.204,0.0363,0.841,0.597,0.083,0.093,79.942,556072,4
0.773,0.418,10,-14.29,0.268,0.138,0.8,0.0794,0.689,126.793,365307,4
0.541,0.814,0,-5.866,0.0301,0.00735,0.822,0.236,0.802,144.165,292801,4
0.799,0.534,5,-9.769,0.0658,0.0428,0.187,0.0784,0.208,127.979,438613,4
0.733,0.841,9,-10.309,0.0993,0.0428,0.885,0.0875,0.121,131.003,315732,4
0.798,0.209,6,-17.508,0.0476,0.742,0.873,0.104,0.224,122.021,48932,3
0.506,0.388,3,-12.93,0.0332,0.918,0.656,0.227,0.305,149.898,169613,4
0.581,0.734,11,-7.613,0.0535,0.000164,0.875,0.18,0.532,124.996,369840,4
0.786,0.905,9,-6.334,0.146,0.000994,0.921,0.108,0.204,130.011,341538,4
0.758,0.822,6,-8.488,0.0875,0.000554,0.907,0.104,0.407,135.009,363853,4
0.786,0.538,1,-12.98,0.0599,0.000263,0.897,0.0818,0.0932,123.961,570587,3
0.85,0.608,3,-10.493,0.0537,0.00296,0.848,0.135,0.651,125.192,496084,4
0.5,0.783,6,-8.522,0.0797,0.718,0.000291,0.173,0.849,99.746,322160,4
0.62,0.776,0,-9.94,0.0765,0.367,0.000338,0.353,0.846,98.493,250293,4
0.683,0.743,5,-7.379,0.0325,0.706,0.633,0.211,0.883,115.079,278040,4
0.414,0.932,11,-5.397,0.3,0.00335,0.231,0.795,0.513,130.203,248267,4
0.904,0.564,9,-8.644,0.118,0.0298,0.892,0.142,0.833,115.029,146867,4
0.688,0.894,7,-4.683,0.065,0.416,0.000373,0.317,0.963,109.622,273934,4
0.811,0.725,9,-10.088,0.0513,0.123,0.0,0.258,0.843,112.839,264000,4
0.769,0.787,11,-3.909,0.367,0.189,0.0,0.129,0.836,126.77,159715,4
0.875,0.658,0,-3.641,0.359,0.275,0.0,0.122,0.661,92.038,274093,4
0.397,0.408,7,-7.01,0.0381,0.489,0.00128,0.116,0.0313,130.383,248640,3
0.786,0.394,10,-15.961,0.12,0.0987,0.702,0.0749,0.208,102.59,154427,4
0.251,0.0323,2,-21.492,0.0357,0.969,0.931,0.102,0.0344,130.017,752337,4
0.644,0.508,8,-18.74,0.0384,0.883,0.461,0.173,0.361,132.806,137887,4
0.364,0.41,4,-17.962,0.0417,0.0049,0.964,0.151,0.341,145.799,311697,4
0.626,0.541,8,-16.217,0.0374,0.882,0.719,0.172,0.519,79.985,235707,4
0.484,0.571,7,-10.02,0.0486,0.569,0.752,0.125,0.448,114.801,585952,4
0.792,0.697,9,-9.027,0.0351,0.867,0.601,0.232,0.934,140.03,309093,4
0.748,0.689,6,-7.084,0.046,0.238,3.9e-06,0.313,0.734,121.96,314886,4
0.773,0.776,7,-9.67,0.0636,0.325,0.858,0.143,0.782,116.207,295892,4
0.726,0.502,1,-11.316,0.134,0.0587,0.00105,0.119,0.516,102.447,383191,4
0.278,0.239,0,-18.171,0.0463,0.987,0.873,0.266,0.102,89.63,60013,4
0.725,0.688,1,-9.45,0.0572,0.391,0.65,0.114,0.638,100.006,245960,4
0.621,0.469,1,-8.58,0.0568,0.197,0.151,0.727,0.853,157.2,142824,4
0.707,0.863,11,-7.469,0.056,0.000576,0.893,0.236,0.735,108.022,113347,4
0.784,0.706,6,-15.34,0.0648,5.7e-05,0.943,0.0892,0.96,138.242,62093,4
0.177,0.22,1,-18.357,0.0358,0.944,0.871,0.0953,0.0813,85.166,477960,3
0.664,0.643,9,-6.773,0.0299,0.0759,8.99e-05,0.134,0.537,115.198,235896,4
0.457,0.87,8,-5.894,0.22,0.404,2.82e-05,0.0297,0.773,206.405,164560,4
0.637,0.501,9,-10.364,0.0688,0.292,0.788,0.102,0.513,145.635,157798,4
0.766,0.559,11,-12.426,0.0519,0.0374,0.893,0.111,0.82,159.203,198037,1
0.308,0.314,7,-11.999,0.0306,0.897,0.579,0.0906,0.215,79.903,234235,4
0.377,0.65,2,-5.902,0.029,0.00174,5.75e-05,0.107,0.365,180.074,192467,4
0.358,0.596,3,-11.906,0.224,0.147,0.0,0.212,0.484,178.008,246160,4
0.442,0.71,7,-5.142,0.684,0.0264,0.0,0.618,0.508,205.116,167908,4
0.581,0.483,7,-11.679,0.36,0.319,0.12,0.843,0.812,87.748,201850,4
0.563,0.641,8,-8.159,0.148,0.686,0.00305,0.0727,0.539,94.512,343547,4
0.71,0.832,4,-9.759,0.0371,0.592,0.924,0.098,0.282,128.99,475639,4
0.829,0.928,2,-8.641,0.0833,0.0136,0.0201,0.317,0.522,123.999,293859,4
0.776,0.684,5,-8.934,0.0367,0.405,0.559,0.0663,0.655,127.979,305480,4
0.784,0.893,1,-6.178,0.0647,0.0168,0.769,0.574,0.382,122.042,359000,4
0.667,0.83,11,-9.664,0.0392,0.839,0.814,0.129,0.727,103.016,507961,4
0.692,0.852,0,-9.101,0.0402,0.000829,0.859,0.123,0.193,131.993,321000,4
0.583,0.796,1,-7.546,0.0324,0.225,0.0822,0.145,0.161,92.044,217667,4
0.709,0.491,6,-13.74,0.0968,0.959,0.949,0.361,0.81,92.477,381320,4
0.305,0.364,0,-12.858,0.0273,0.69,0.252,0.361,0.159,163.372,136562,4
0.644,0.672,0,-5.342,0.0278,0.164,0.346,0.0947,0.208,130.054,216389,4
0.501,0.786,5,-14.434,0.0447,0.0548,0.934,0.107,0.854,110.385,234430,4
0.587,0.927,2,-6.456,0.0386,0.323,0.00191,0.282,0.665,100.929,281840,4
0.766,0.659,8,-6.62,0.0448,0.159,0.0227,0.11,0.484,86.06,626816,4
0.498,0.607,8,-11.273,0.0919,0.317,0.709,0.106,0.495,122.35,213133,4
0.397,0.328,11,-11.115,0.0646,0.691,0.000621,0.364,0.0829,100.513,157080,4
0.724,0.463,6,-13.607,0.0337,0.704,0.94,0.14,0.563,106.091,115733,4
0.312,0.334,2,-17.203,0.0989,0.78,0.128,0.121,0.306,75.879,130000,3
0.458,0.602,10,-9.274,0.179,0.0502,2e-06,0.21,0.537,170.017,169680,4
0.578,0.583,3,-7.866,0.028,0.465,8.68e-06,0.108,0.754,82.905,120133,4
0.694,0.796,5,-3.696,0.198,0.0713,0.0163,0.096,0.592,78.033,166120,4
0.861,0.647,7,-7.425,0.0675,0.594,0.661,0.114,0.67,158.037,133680,4
0.654,0.402,1,-9.318,0.522,0.0354,0.00305,0.109,0.548,205.865,188945,4
0.733,0.687,1,-10.487,0.0444,0.0224,0.702,0.0648,0.526,125.752,278708,4
0.422,0.851,11,-4.031,0.0398,0.0339,0.0,0.152,0.667,93.649,259301,4
0.402,0.681,1,-6.169,0.0333,0.00476,2.89e-06,0.243,0.412,126.493,165907,4
0.359,0.491,11,-14.425,0.0328,0.923,0.93,0.0931,0.437,127.285,712774,4
0.753,0.62,6,-6.852,0.0526,0.779,0.0626,0.131,0.465,130.016,177560,4
0.628,0.757,10,-8.141,0.0389,0.345,0.318,0.194,0.971,109.514,313480,4
0.752,0.678,4,-5.075,0.0448,0.252,0.0,0.145,0.633,130.145,230080,4
0.583,0.719,9,-7.08,0.0905,0.749,1.17e-05,0.18,0.905,118.671,228547,4
0.667,0.462,7,-12.541,0.0325,0.734,0.00548,0.0339,0.617,89.556,744907,4
0.737,0.818,1,-9.325,0.0462,0.0201,0.896,0.0851,0.471,116.078,171200,4
0.786,0.921,0,-6.842,0.101,0.0552,0.00181,0.0629,0.628,118.373,381040,4
0.299,0.263,9,-13.207,0.0323,0.968,0.857,0.126,0.113,137.848,384439,3
0.622,0.644,8,-7.537,0.029,0.0891,0.972,0.22,0.628,122.015,302900,4
0.912,0.587,7,-7.395,0.0582,0.0394,0.01,0.111,0.435,143.027,179022,4
0.823,0.813,7,-6.71,0.288,0.0359,0.0,0.0886,0.373,95.012,323303,4
0.649,0.906,11,-7.308,0.119,0.0758,0.882,0.0658,0.315,159.651,366115,4
0.611,0.338,5,-16.346,0.037,0.923,0.83,0.108,0.752,105.092,448560,3
0.799,0.592,8,-5.421,0.373,0.142,0.0,0.0466,0.913,83.99,190800,4
0.575,0.229,8,-20.887,0.0275,0.837,0.0545,0.0786,0.255,92.338,259487,4
0.687,0.796,0,-9.623,0.103,0.00209,7.55e-05,0.137,0.608,121.263,205664,4
0.758,0.827,8,-16.264,0.0543,1.29e-05,0.93,0.0752,0.606,115.996,178133,4
0.645,0.721,8,-11.129,0.283,0.226,0.192,0.22,0.58,75.938,205125,4
0.61,0.546,4,-14.677,0.0397,0.745,0.937,0.394,0.0599,109.994,245250,4
0.516,0.807,5,-4.876,0.132,0.592,2.46e-06,0.273,0.626,128.359,397587,4
0.196,0.014,0,-20.872,0.0349,0.986,0.93,0.112,0.0645,137.347,143080,1
0.711,0.646,1,-11.706,0.0584,0.197,0.894,0.0845,0.138,135.018,353680,4
0.8,0.586,2,-9.633,0.0601,0.00822,0.773,0.0846,0.126,115.62,340160,4
0.336,0.344,7,-12.969,0.0292,0.293,0.0209,0.0733,0.43,150.054,194947,3
0.722,0.364,5,-13.393,0.0707,0.363,0.0,0.339,0.6,108.377,293147,4
0.576,0.764,2,-10.799,0.188,0.418,0.0749,0.0667,0.823,126.048,479630,4
0.236,0.369,11,-25.707,0.0674,0.947,0.892,0.09,0.058,99.344,218040,4
0.623,0.375,8,-12.125,0.237,0.333,0.0169,0.0731,0.731,146.705,315813,4
0.712,0.773,7,-7.52,0.295,0.0216,1.69e-05,0.0389,0.744,181.835,248133,4
0.375,0.722,7,-6.7,0.243,0.1,0.00336,0.633,0.612,90.712,258587,4
0.696,0.913,1,-5.639,0.0394,0.00343,0.0567,0.311,0.613,118.032,315507,4
0.737,0.642,0,-7.178,0.0807,0.0772,0.84,0.113,0.459,131.959,280000,4
0.481,0.526,5,-9.943,0.0584,0.396,0.151,0.0756,0.796,95.288,259987,4
0.764,0.724,0,-5.394,0.054,0.72,0.00135,0.28,0.693,101.505,376600,4
0.726,0.88,9,-6.724,0.059,0.0146,0.149,0.407,0.73,120.022,336673,4
0.806,0.547,0,-11.403,0.0455,0.0457,0.696,0.199,0.853,111.247,61947,4
0.459,0.965,8,-5.072,0.0813,0.688,0.841,0.505,0.473,110.234,510240,3
0.385,0.42,4,-12.961,0.0347,0.307,6.43e-06,0.192,0.449,82.298,255025,4
0.507,0.421,5,-12.394,0.0392,0.839,0.69,0.12,0.505,176.121,148074,4
0.587,0.196,8,-16.262,0.482,0.981,0.0116,0.226,0.697,60.226,102480,4
0.795,0.796,6,-10.934,0.0634,0.506,0.909,0.114,0.32,109.999,295772,4
0.743,0.879,2,-6.528,0.0597,0.181,1.07e-05,0.0733,0.74,114.47,225893,4
0.354,0.287,0,-15.221,0.0344,0.715,0.119,0.0846,0.202,111.211,1085800,4
0.65,0.712,5,-8.012,0.0706,0.77,4.4e-05,0.206,0.746,107.994,200453,4
0.638,0.727,0,-7.56,0.0564,0.639,0.0,0.117,0.946,97.947,139360,4
0.611,0.615,4,-8.342,0.0402,0.155,0.266,0.105,0.646,79.992,316660,4
0.46,0.395,11,-10.959,0.0364,0.719,0.0,0.11,0.182,108.647,164240,4
0.407,0.558,7,-13.268,0.115,0.107,0.00102,0.372,0.543,141.612,180185,4
0.735,0.87,9,-7.682,0.0754,0.0287,0.133,0.204,0.728,122.721,261000,4
0.692,0.404,0,-9.033,0.0471,0.765,0.78,0.799,0.501,127.989,236040,4
0.612,0.904,10,-8.183,0.0378,0.000191,0.79,0.144,0.537,130.983,383462,4
0.631,0.9,11,-8.071,0.343,0.422,0.000264,0.3,0.758,140.808,272191,3
0.469,0.651,7,-10.39,0.0391,0.498,0.0821,0.216,0.706,97.997,162543,4
0.845,0.639,11,-11.686,0.0541,0.000141,0.931,0.0803,0.814,124.992,238417,4
0.541,0.29,1,-13.755,0.0404,0.778,0.642,0.543,0.32,124.042,218000,4
0.68,0.453,2,-9.154,0.0337,0.683,0.231,0.114,0.701,108.288,363387,4
0.765,0.376,3,-16.316,0.0299,0.852,0.0134,0.113,0.581,99.786,168963,4
0.528,0.551,9,-11.074,0.0368,0.763,0.0286,0.044,0.545,104.271,428665,4
0.828,0.549,8,-6.508,0.0862,0.573,0.0,0.19,0.727,141.668,216120,4
0.713,0.59,9,-12.821,0.0304,0.8,0.899,0.111,0.783,130.71,323667,4
0.577,0.919,5,-5.111,0.052,0.0263,0.121,0.0941,0.827,111.677,404417,4
0.711,0.927,2,-8.194,0.0374,0.00046,0.832,0.0506,0.46,132.029,321713,4
0.49,0.802,2,-10.973,0.0378,0.00718,0.904,0.104,0.0408,114.988,337720,4
0.558,0.489,0,-8.145,0.0442,0.866,0.868,0.164,0.336,128.541,183040,4
0.471,0.934,7,-7.869,0.0843,0.581,0.0,0.149,0.738,127.135,153400,4
0.706,0.818,9,-7.197,0.0315,0.161,2.93e-05,0.673,0.838,129.0,281683,4
0.57,0.678,2,-9.039,0.0297,0.573,0.668,0.31,0.619,160.624,160307,4
0.709,0.781,9,-6.917,0.0758,0.0407,0.00271,0.237,0.844,134.047,274547,4
0.739,0.573,0,-11.596,0.0884,0.936,0.104,0.329,0.92,93.863,228427,4
0.516,0.855,9,-5.63,0.064,0.00737,0.822,0.345,0.542,114.487,502633,4
0.219,0.549,9,-17.283,0.0342,0.243,0.292,0.111,0.539,89.161,390474,3
0.689,0.774,0,-7.579,0.0549,0.591,0.0449,0.617,0.707,107.389,255616,4
0.812,0.491,2,-15.422,0.0515,0.00152,0.554,0.0682,0.946,120.044,342672,4
0.598,0.785,10,-3.488,0.29,0.711,0.0,0.115,0.824,93.35,305354,4
0.5,0.571,4,-9.633,0.0387,0.553,0.754,0.148,0.238,89.789,339616,4
0.207,0.0947,10,-22.679,0.0417,0.343,0.0019,0.0751,0.0491,100.146,359960,4
0.378,0.825,10,-13.589,0.051,0.699,0.946,0.36,0.293,85.617,235853,4
0.714,0.332,11,-6.269,0.0779,0.0164,0.894,0.289,0.485,172.473,99030,4
0.803,0.494,9,-11.468,0.123,0.398,0.887,0.114,0.476,124.993,371333,4
0.821,0.838,7,-6.933,0.0581,0.468,0.884,0.0864,0.975,155.001,190453,4
0.455,0.499,4,-13.274,0.0299,0.000932,0.0169,0.152,0.195,97.605,194645,4
0.683,0.199,9,-17.731,0.0414,0.874,0.847,0.088,0.281,131.825,256013,4
0.681,0.61,4,-12.618,0.0339,0.00597,0.00282,0.118,0.817,96.839,256333,4
0.815,0.663,2,-7.801,0.0637,0.00184,0.00106,0.424,0.592,116.014,266954,4
0.476,0.397,1,-13.947,0.0315,0.726,0.44,0.0934,0.146,138.093,287357,4
0.597,0.48,0,-11.999,0.0396,3.89e-05,0.938,0.321,0.0621,111.005,321253,4
0.478,0.441,2,-11.19,0.0405,0.767,0.812,0.0722,0.0629,145.432,179640,4
0.478,0.747,6,-11.906,0.0726,0.614,9.49e-06,0.288,0.767,163.789,470520,4
0.663,0.866,11,-6.79,0.0431,0.198,0.685,0.0768,0.891,109.098,251190,4
0.805,0.873,1,-5.137,0.174,0.0081,0.0,0.133,0.814,112.036,302373,4
0.209,0.216,7,-20.734,0.0365,0.911,0.00854,0.215,0.431,80.849,135140,4
0.442,0.607,10,-7.262,0.0319,0.794,0.822,0.168,0.0667,104.741,274227,4
0.66,0.606,7,-12.486,0.0595,0.649,0.916,0.125,0.838,140.037,231893,4
0.789,0.318,2,-11.839,0.0387,0.864,0.0494,0.156,0.637,124.795,265373,4
0.805,0.619,1,-11.776,0.078,0.024,0.864,0.113,0.197,119.883,1747244,4
0.399,0.182,8,-13.955,0.0482,0.909,0.0,0.0977,0.147,161.82,160194,4
0.626,0.495,7,-12.422,0.0324,0.265,0.707,0.31,0.772,111.496,167867,4
0.63,0.194,6,-20.514,0.0777,0.867,0.959,0.126,0.824,173.989,129944,4
0.609,0.647,8,-8.198,0.0314,0.65,0.0042,0.136,0.78,145.021,240039,4
0.388,0.291,10,-11.187,0.0361,0.515,0.775,0.0803,0.119,125.415,545372,4
0.31,0.399,7,-10.001,0.0308,0.931,0.0527,0.0951,0.0606,113.003,294524,5
0.557,0.558,2,-11.398,0.0407,0.00507,0.876,0.0875,0.201,110.219,136360,4
0.422,0.376,10,-11.348,0.0335,0.725,0.0,0.578,0.564,145.959,389773,4
0.721,0.51,1,-9.871,0.0475,0.375,0.0801,0.0934,0.652,119.991,238747,4
0.738,0.328,9,-21.048,0.0572,0.481,0.0131,0.209,0.312,94.911,185560,4
0.664,0.235,11,-14.714,0.033,0.844,0.0102,0.102,0.351,81.942,183933,4
0.597,0.244,1,-14.787,0.188,0.218,0.793,0.184,0.153,118.435,145853,4
0.555,0.853,0,-6.213,0.0502,0.346,0.711,0.0775,0.761,125.171,257933,4
0.615,0.849,5,-5.434,0.0957,0.511,0.344,0.491,0.732,105.053,173573,4
0.243,0.317,2,-15.826,0.0395,0.0151,0.964,0.106,0.0681,130.446,452600,4
0.117,0.0291,4,-23.05,0.0323,0.924,0.944,0.112,0.0395,73.448,261960,3
0.216,0.067,0,-25.949,0.0499,0.796,0.905,0.107,0.114,155.6,75387,3
0.82,0.686,6,-11.745,0.0859,0.103,0.83,0.105,0.676,123.024,433000,4
0.752,0.68,6,-8.483,0.0494,0.0012,0.949,0.335,0.529,120.041,346547,4
0.69,0.823,1,-7.371,0.0383,0.0401,0.779,0.172,0.443,127.982,344920,4
0.282,0.604,10,-12.648,0.0579,0.873,0.936,0.107,0.562,90.648,227740,4
0.711,0.702,8,-9.538,0.0903,0.354,0.00108,0.108,0.881,133.464,207960,4
0.712,0.594,5,-8.241,0.174,0.681,0.166,0.0402,0.966,118.756,224000,4
0.716,0.732,9,-7.405,0.0291,0.535,0.0149,0.147,0.73,122.924,221500,4
0.51,0.677,10,-10.884,0.0507,0.481,0.00343,0.114,0.512,88.208,266381,3
0.447,0.0809,0,-21.552,0.0565,0.508,2.21e-05,0.12,0.221,80.608,71320,4
0.486,0.32,0,-13.713,0.0425,0.874,0.855,0.107,0.0739,167.546,251453,4
0.55,0.452,0,-12.666,0.0738,0.317,5.98e-06,0.726,0.25,78.143,166449,4
0.537,0.571,7,-16.386,0.0817,0.517,0.0,0.262,0.975,193.862,216360,4
0.347,0.497,2,-10.429,0.0289,0.422,0.508,0.717,0.71,90.322,362933,3
0.601,0.358,1,-15.473,0.0534,0.259,0.0735,0.105,0.479,73.344,191347,4
0.768,0.392,9,-10.179,0.1,0.647,0.923,0.101,0.257,120.01,264120,4
0.901,0.725,7,-10.18,0.0419,0.0183,0.91,0.0851,0.846,127.993,375447,4
0.481,0.354,1,-12.392,0.0256,0.594,0.0,0.405,0.346,81.003,173040,3
0.33,0.805,6,-7.667,0.035,0.044,0.8,0.124,0.489,143.325,160347,1
0.612,0.428,4,-13.134,0.0369,0.471,0.125,0.395,0.67,108.622,122327,4
0.69,0.502,1,-9.425,0.082,0.772,0.000518,0.169,0.409,113.307,183653,4
0.821,0.3,5,-20.316,0.219,0.848,0.00965,0.282,0.176,123.016,179387,4
0.801,0.642,7,-8.347,0.0933,0.0447,0.124,0.154,0.78,137.604,312360,4
0.86,0.966,7,-8.69,0.0358,0.166,0.00383,0.101,0.951,123.076,149693,4
0.494,0.414,7,-12.401,0.035,0.389,0.0,0.186,0.419,74.636,169052,4
0.529,0.452,7,-12.33,0.0672,0.438,0.00024,0.0901,0.391,146.332,279453,4
0.337,0.734,1,-5.961,0.0451,0.443,2.95e-05,0.598,0.768,169.259,208120,4
0.522,0.743,4,-8.656,0.0682,0.423,0.0,0.1,0.941,104.313,158482,4
0.342,0.462,2,-16.952,0.0354,0.056,0.325,0.0842,0.0716,102.314,93600,4
0.75,0.334,1,-9.76,0.128,0.636,0.0,0.169,0.763,142.055,194333,4
0.627,0.979,8,-6.318,0.0356,0.000264,0.95,0.154,0.616,128.05,287195,4
0.574,0.642,11,-9.966,0.0449,0.341,8.06e-05,0.477,0.944,94.575,144600,4
0.405,0.34,7,-15.868,0.0338,0.615,0.599,0.0981,0.337,106.806,180293,4
0.663,0.826,6,-7.79,0.0501,6.28e-05,0.034,0.0953,0.69,144.99,361696,4
0.535,0.364,11,-16.788,0.112,0.058,0.936,0.251,0.461,185.162,741111,3
0.552,0.539,8,-11.079,0.0561,0.743,0.616,0.109,0.352,160.018,213187,4
0.679,0.856,5,-7.822,0.134,0.518,0.0,0.57,0.555,104.335,175253,4
0.409,0.635,9,-11.949,0.0339,0.695,0.869,0.0911,0.633,164.245,331703,4
0.539,0.423,7,-12.025,0.0347,0.559,0.294,0.292,0.408,104.25,299067,4
0.805,0.65,5,-16.846,0.128,0.454,0.000622,0.235,0.855,101.841,260553,4
0.666,0.738,1,-14.392,0.029,0.474,0.592,0.0388,0.921,129.737,129307,4
0.105,0.157,8,-20.098,0.0369,0.981,0.905,0.107,0.0873,88.594,849239,4
0.68,0.718,4,-8.746,0.0535,0.00811,0.867,0.112,0.761,120.003,381307,4
0.745,0.659,6,-8.882,0.0355,0.373,0.0,0.0891,0.962,108.322,183054,4
0.279,0.794,7,-10.353,0.113,0.00835,0.137,0.166,0.327,81.646,1252440,4
0.813,0.789,11,-10.525,0.0685,0.0389,0.139,0.324,0.815,122.95,352213,4
0.434,0.835,11,-7.723,0.0483,0.0744,0.000247,0.54,0.716,106.628,387427,4
0.414,0.805,8,-7.424,0.0762,0.356,0.000665,0.209,0.821,133.291,397201,4
0.479,0.549,11,-10.551,0.373,0.57,0.0235,0.127,0.576,180.985,252187,4
0.619,0.403,10,-11.212,0.133,0.31,0.0655,0.302,0.594,83.68,49427,4
0.851,0.608,3,-10.488,0.0538,0.00303,0.862,0.132,0.667,125.187,496083,4
0.801,0.99,10,-6.234,0.0604,0.00583,0.901,0.0846,0.64,123.983,381000,4
0.481,0.204,9,-20.868,0.0691,0.229,0.688,0.11,0.133,136.696,307400,4
0.616,0.714,4,-9.395,0.0368,0.654,0.911,0.105,0.821,136.322,302176,4
0.488,0.182,11,-30.615,0.0499,0.992,0.803,0.122,0.576,88.609,67489,3
0.623,0.156,6,-15.098,0.0308,0.912,0.0,0.141,0.329,97.235,274560,4
0.743,0.441,11,-11.169,0.0898,0.514,0.00524,0.309,0.465,95.024,268000,4
0.685,0.297,10,-9.694,0.0834,0.783,0.924,0.118,0.233,89.997,253080,4
0.46,0.662,11,-9.814,0.548,0.376,0.0298,0.118,0.547,174.036,187613,4
0.451,0.743,7,-7.916,0.0431,0.621,0.651,0.235,0.184,147.592,209227,4
0.406,0.655,10,-8.338,0.0287,0.0445,0.048,0.169,0.622,80.708,217107,4
0.786,0.686,11,-9.776,0.0696,0.125,0.0922,0.109,0.802,129.856,360813,4
0.459,0.282,4,-25.237,0.072,0.976,0.949,0.0954,0.32,139.897,143867,4
0.437,0.525,8,-8.074,0.0497,0.767,4.16e-05,0.25,0.478,152.469,196682,4
0.724,0.46,9,-12.803,0.0853,0.593,0.0387,0.145,0.751,130.536,277333,4
0.593,0.757,8,-16.858,0.0923,0.0751,0.861,0.0753,0.965,146.456,368921,4
0.67,0.787,0,-8.025,0.0496,0.0432,1.68e-06,0.115,0.61,128.691,196360,4
0.452,0.83,1,-3.958,0.156,0.0112,0.748,0.327,0.164,166.673,391240,4
0.8,0.741,0,-11.574,0.0764,0.00619,0.618,0.0864,0.752,126.991,628080,4
0.422,0.839,8,-6.197,0.0368,0.0145,0.00401,0.151,0.497,138.023,251067,4
0.529,0.691,1,-5.457,0.0255,0.173,0.00814,0.106,0.827,107.007,325320,4
0.571,0.84,5,-12.471,0.119,0.0897,0.838,0.357,0.351,120.946,584490,4
0.372,0.596,5,-10.71,0.0509,0.673,0.00953,0.13,0.831,80.794,537200,4
0.541,0.27,9,-15.845,0.0384,0.861,0.00569,0.0999,0.345,119.959,430573,4
0.695,0.832,0,-6.986,0.105,0.125,2.97e-05,0.083,0.179,114.008,198880,4
0.808,0.484,10,-10.272,0.0993,0.00943,0.756,0.115,0.686,126.971,525320,4
0.701,0.838,4,-12.292,0.0658,0.0413,0.618,0.388,0.7,126.654,372000,4
0.596,0.558,2,-13.508,0.0576,0.571,0.0587,0.105,0.56,93.706,200992,4
0.379,0.557,11,-14.871,0.0551,0.0243,0.294,0.105,0.372,105.21,137840,4
0.46,0.965,2,-5.047,0.0821,0.683,0.844,0.446,0.452,109.766,510240,3
0.628,0.529,5,-10.569,0.0278,0.299,0.723,0.0924,0.527,92.848,230133,4
0.772,0.665,1,-9.661,0.0985,0.162,0.0729,0.253,0.896,113.791,370563,4
0.596,0.698,5,-11.361,0.0499,0.011,0.0,0.469,0.567,98.759,209547,4
0.603,0.704,2,-7.712,0.0534,0.0555,0.0016,0.337,0.73,118.849,238520,4
0.658,0.716,6,-8.499,0.083,0.00189,0.866,0.157,0.589,128.061,391613,4
0.719,0.74,4,-10.251,0.0523,0.0386,2.14e-06,0.0579,0.933,137.042,246081,4
0.591,0.558,9,-11.285,0.0332,0.0795,0.908,0.118,0.658,165.004,350627,4
0.783,0.748,10,-5.807,0.148,0.252,0.866,0.0871,0.497,183.097,204133,4
0.647,0.443,9,-11.263,0.0486,0.525,0.0,0.039,0.77,133.296,200173,4
0.341,0.588,7,-9.395,0.0427,0.229,0.00234,0.786,0.297,96.684,307320,4
0.807,0.664,0,-7.935,0.0419,0.969,0.000277,0.168,0.961,118.385,237760,4
0.751,0.579,1,-13.901,0.0416,0.793,0.000968,0.309,0.952,115.165,438107,4
0.473,0.898,7,-8.793,0.0648,0.0636,0.416,0.324,0.221,134.299,467400,4
0.39,0.122,2,-18.781,0.0309,0.953,0.271,0.111,0.115,146.222,260601,4
0.731,0.952,3,-6.609,0.114,0.405,6.63e-05,0.119,0.782,125.135,236173,4
0.471,0.313,4,-15.551,0.0383,0.926,0.966,0.124,0.379,161.468,179973,3
0.788,0.721,11,-4.577,0.152,0.424,2.86e-06,0.0897,0.653,105.23,182857,4
0.394,0.898,5,-12.45,0.0432,0.000399,0.854,0.0688,0.46,150.234,324223,4
0.612,0.961,10,-3.078,0.333,0.107,4.17e-05,0.0413,0.867,129.873,238760,5
0.803,0.487,4,-8.669,0.276,0.508,0.115,0.0568,0.271,113.017,682067,4
0.619,0.0327,10,-20.273,0.0371,0.995,0.712,0.0865,0.0785,102.884,447800,4
0.179,0.995,11,-1.988,0.415,0.00277,0.577,0.103,0.199,180.574,428773,3
0.463,0.439,8,-11.121,0.048,0.0507,0.000586,0.177,0.0791,131.854,301707,4
0.335,0.531,1,-9.881,0.0386,0.661,0.0,0.0962,0.575,167.717,524400,3
0.577,0.682,4,-12.419,0.0534,0.31,0.764,0.12,0.17,119.951,347393,4
0.59,0.672,1,-11.792,0.412,0.125,1.04e-06,0.147,0.688,206.247,286440,4
0.803,0.767,2,-7.649,0.0586,0.000381,0.878,0.0749,0.374,128.116,428976,4
0.197,0.422,2,-17.453,0.0505,0.672,0.58,0.128,0.131,172.806,1119333,4
0.877,0.858,8,-8.363,0.102,0.0312,0.491,0.151,0.589,120.043,470923,4
0.333,0.448,9,-14.122,0.0384,0.704,0.677,0.141,0.369,82.554,195054,4
0.792,0.918,6,-14.205,0.0713,0.018,0.919,0.129,0.505,120.439,737173,4
0.467,0.411,8,-12.774,0.0325,0.467,0.875,0.109,0.109,126.941,531400,4
0.505,0.712,2,-9.457,0.0264,0.0922,0.00029,0.122,0.691,102.148,336107,4
0.328,0.573,2,-11.178,0.0425,0.222,0.0627,0.251,0.223,78.578,240547,4
0.242,0.244,5,-21.39,0.0413,0.966,0.889,0.0917,0.0384,141.053,941947,4
0.282,0.477,5,-16.228,0.126,0.107,0.0262,0.159,0.438,172.447,1289093,4
0.764,0.913,10,-7.727,0.0485,0.17,0.51,0.0468,0.966,99.097,271707,4
0.821,0.464,6,-13.798,0.0286,0.609,0.312,0.0962,0.862,102.525,255560,4
0.647,0.88,10,-6.254,0.0855,0.16,0.201,0.582,0.589,120.098,232960,4
0.836,0.728,10,-12.058,0.234,0.00569,0.000819,0.0649,0.599,100.842,319907,4
0.363,0.897,6,-9.814,0.0847,0.0123,0.000308,0.163,0.757,132.079,274813,4
0.693,0.628,11,-10.595,0.0381,0.249,0.486,0.0912,0.743,101.515,339026,4
0.849,0.501,11,-16.76,0.102,0.0917,0.0,0.105,0.882,117.213,306667,4
0.544,0.65,10,-8.714,0.144,0.164,0.0,0.225,0.833,84.372,272000,4
0.835,0.295,0,-14.846,0.0533,0.131,0.0423,0.102,0.925,98.013,333293,4
0.858,0.676,1,-11.057,0.203,0.366,0.826,0.112,0.715,122.033,345920,4
0.364,0.513,2,-13.538,0.0506,0.041,0.000438,0.0975,0.126,92.488,359680,4
0.307,0.379,11,-11.8,0.031,0.684,0.000577,0.113,0.184,173.728,197013,4
0.411,0.446,0,-9.412,0.0298,0.238,0.00973,0.14,0.43,150.59,229120,3
0.63,0.693,7,-15.77,0.0524,0.0107,0.953,0.406,0.0366,124.03,281800,4
0.651,0.52,7,-8.193,0.246,0.141,0.845,0.117,0.311,173.067,258000,4
0.81,0.926,1,-9.796,0.0452,0.119,0.911,0.0802,0.718,122.182,221747,4
0.617,0.849,1,-10.123,0.165,0.463,0.516,0.116,0.521,135.277,242427,4
0.403,0.763,8,-6.727,0.118,0.0277,0.00985,0.148,0.455,82.812,255613,4
0.852,0.658,9,-7.104,0.172,0.161,0.0131,0.0999,0.839,137.986,265667,4
0.181,0.479,9,-10.873,0.0414,0.815,0.823,0.135,0.132,79.228,273000,4
0.67,0.861,7,-9.02,0.0419,0.108,0.757,0.462,0.688,131.71,237307,4
0.824,0.597,5,-10.379,0.0931,0.0371,0.916,0.0751,0.262,124.934,560810,4
0.455,0.866,8,-10.215,0.0591,0.0637,0.0,0.222,0.676,102.115,428222,4
0.666,0.721,8,-11.94,0.11,0.751,0.00481,0.148,0.721,116.204,807040,4
0.706,0.518,8,-7.614,0.0953,0.91,0.0,0.109,0.902,123.423,170920,1
0.63,0.808,7,-10.134,0.153,0.00122,1.09e-06,0.151,0.86,117.02,562627,4
0.644,0.844,10,-8.383,0.0394,0.634,0.515,0.059,0.902,98.448,359816,3
0.624,0.82,7,-7.676,0.0439,0.00107,0.227,0.184,0.106,106.543,347960,4
0.333,0.497,2,-15.606,0.0366,0.105,0.872,0.129,0.113,81.681,1367093,4
0.614,0.547,0,-5.324,0.0407,0.659,0.0,0.214,0.75,124.48,298587,4
0.844,0.586,10,-14.003,0.144,0.0119,0.764,0.111,0.437,127.045,394925,4
0.58,0.559,7,-13.591,0.0743,0.62,0.000421,0.131,0.859,90.713,158693,4
0.26,0.878,8,-10.436,0.104,0.00655,0.146,0.469,0.396,138.493,167533,4
0.874,0.714,7,-6.664,0.129,0.0155,0.0,0.0968,0.541,95.826,265600,4
0.5,0.508,0,-10.388,0.0358,0.236,0.843,0.114,0.149,88.81,259173,4
0.379,0.215,6,-18.665,0.0377,0.685,0.504,0.111,0.629,178.041,120573,3
0.746,0.274,2,-15.927,0.0731,0.94,0.936,0.0618,0.227,121.875,300960,4
0.613,0.926,8,-6.75,0.0611,0.835,0.0994,0.152,0.728,128.003,217480,4
0.396,0.748,2,-7.892,0.041,0.00867,2.11e-05,0.148,0.208,129.908,249080,4
0.788,0.748,9,-6.907,0.0306,0.451,0.00408,0.104,0.845,121.047,284683,4
0.704,0.831,11,-9.411,0.0552,0.138,0.848,0.115,0.58,99.953,160247,4
0.799,0.616,11,-10.831,0.0517,0.0292,0.879,0.133,0.487,127.99,403680,4
0.595,0.416,5,-16.563,0.0907,0.71,3.79e-06,0.134,0.551,132.661,283800,4
0.607,0.63,5,-8.655,0.0281,0.109,0.841,0.168,0.821,124.593,281267,4
0.245,0.233,2,-14.986,0.0384,0.883,0.835,0.105,0.0685,108.031,157440,3
0.614,0.388,1,-11.97,0.041,0.375,1.06e-06,0.0817,0.659,104.308,213573,4
0.88,0.816,11,-6.269,0.158,0.192,0.00309,0.0406,0.914,138.03,284640,4
0.497,0.525,4,-19.377,0.0644,0.0437,0.852,0.0825,0.73,170.506,380370,4
0.394,0.768,11,-7.476,0.0866,0.0196,0.554,0.0796,0.488,131.081,238440,4
0.721,0.822,1,-10.476,0.0686,0.794,0.75,0.05,0.654,119.992,508693,4
0.66,0.259,6,-17.615,0.0495,0.695,0.85,0.101,0.794,116.194,125667,4
0.593,0.669,2,-11.643,0.0623,0.431,2.6e-06,0.0844,0.646,121.055,177147,4
0.455,0.939,0,-5.6,0.0562,0.03,0.9,0.355,0.44,95.368,226867,3
0.598,0.531,4,-15.073,0.0824,0.674,0.796,0.094,0.314,113.179,190960,4
0.607,0.881,9,-10.839,0.0446,0.0396,0.00594,0.063,0.697,121.021,283240,4
0.373,0.666,7,-11.103,0.0458,0.609,0.459,0.106,0.713,97.965,251947,4
0.354,0.741,1,-6.389,0.0806,0.018,0.0134,0.0753,0.596,142.348,251013,4
0.864,0.4,11,-14.382,0.236,0.0744,0.00639,0.469,0.569,91.903,229640,4
0.71,0.687,3,-8.199,0.0316,0.136,9.16e-05,0.106,0.661,131.747,226667,4
0.834,0.668,8,-10.65,0.288,0.0376,0.0,0.292,0.784,96.488,229093,4
0.676,0.769,7,-10.142,0.0535,0.00545,0.0256,0.131,0.891,117.733,306360,4
0.288,0.695,10,-14.054,0.0398,0.646,0.92,0.459,0.251,114.049,152893,3
0.42,0.83,5,-12.262,0.0318,0.0123,0.546,0.0997,0.683,127.999,375173,4
0.825,0.883,11,-7.795,0.0739,0.566,0.132,0.141,0.538,112.044,170413,4
0.442,0.359,9,-11.451,0.0277,0.714,0.00804,0.192,0.202,79.348,181160,4
0.607,0.836,6,-6.39,0.304,0.00286,0.0,0.0991,0.563,94.328,208200,4
0.794,0.627,11,-9.431,0.36,0.233,0.0,0.35,0.518,87.554,251467,4
0.613,0.798,8,-10.896,0.0512,0.72,0.55,0.117,0.535,105.286,314453,4
0.447,0.742,2,-11.731,0.0504,0.00272,0.868,0.102,0.771,108.218,190720,4
0.694,0.606,11,-12.457,0.302,0.173,0.694,0.328,0.613,165.367,229187,4
0.801,0.571,10,-10.419,0.0574,0.177,0.905,0.107,0.702,119.993,226479,4
0.509,0.85,6,-4.966,0.0694,0.376,4.38e-06,0.144,0.588,94.538,177133,4
0.517,0.484,6,-15.745,0.052,0.724,0.632,0.103,0.556,168.394,222512,4
0.867,0.554,4,-13.634,0.249,0.161,0.0103,0.111,0.766,96.668,252067,4
0.679,0.252,9,-17.794,0.559,0.819,1.75e-06,0.234,0.442,91.485,413000,4
0.681,0.329,9,-19.966,0.062,0.0886,0.883,0.0738,0.665,114.779,345133,4
0.367,0.801,9,-9.567,0.0299,0.344,0.805,0.105,0.164,146.834,285840,4
0.278,0.582,4,-12.727,0.0447,0.000306,0.322,0.412,0.248,131.593,404760,4
0.626,0.542,1,-7.655,0.037,0.818,0.0,0.0949,0.769,75.368,182907,4
0.334,0.503,0,-11.162,0.0291,0.327,0.0,0.134,0.404,94.463,174760,4
0.463,0.496,1,-12.203,0.041,0.059,1.24e-06,0.271,0.533,118.505,265933,4
0.623,0.76,6,-5.644,0.0717,0.388,0.00106,0.143,0.586,139.182,163866,4
0.64,0.817,8,-8.958,0.051,0.00649,0.00581,0.159,0.608,131.024,648533,4
0.424,0.613,9,-13.197,0.0452,0.674,0.89,0.116,0.712,95.688,192693,4
0.6,0.846,6,-6.201,0.0594,0.178,1.2e-05,0.5,0.514,103.652,388920,4
0.881,0.361,11,-14.728,0.237,0.0502,0.00458,0.246,0.799,96.43,216693,4
0.441,0.471,6,-11.08,0.0302,0.316,0.0106,0.12,0.247,105.791,200706,4
0.41,0.554,3,-6.789,0.0286,0.748,5.17e-06,0.146,0.521,73.719,200253,4
0.213,0.067,0,-20.177,0.0344,0.982,0.393,0.109,0.106,80.618,203233,3
0.699,0.322,8,-20.149,0.0374,0.77,0.924,0.117,0.866,130.117,162413,4
0.635,0.831,7,-5.278,0.0296,0.0239,0.00091,0.106,0.735,104.349,180360,4
0.188,0.954,7,-7.996,0.239,0.0244,0.67,0.319,0.0502,159.984,822093,4
0.647,0.478,8,-8.837,0.0782,0.547,2.69e-05,0.156,0.333,135.877,232907,4
0.624,0.804,2,-8.283,0.176,0.0019,0.108,0.151,0.826,193.477,209333,4
0.886,0.664,5,-11.758,0.0563,0.0766,0.195,0.155,0.922,116.586,304000,4
0.794,0.772,10,-13.957,0.327,0.624,4.07e-05,0.114,0.597,87.546,297040,4
0.376,0.46,4,-9.66,0.0352,0.934,0.0575,0.111,0.552,106.529,325600,3
0.468,0.53,11,-13.953,0.0395,0.958,0.93,0.1,0.677,128.13,341200,4
0.683,0.879,4,-5.971,0.0643,0.0348,0.802,0.0686,0.879,100.8,253707,3
0.647,0.829,10,-6.22,0.193,0.00412,0.00106,0.0703,0.355,90.203,290507,4
0.418,0.546,0,-9.057,0.238,0.227,0.0,0.229,0.294,160.152,208813,4
0.624,0.654,8,-6.582,0.183,0.577,0.0,0.104,0.564,73.898,288333,4
0.517,0.537,9,-15.033,0.0615,0.369,0.811,0.148,0.318,106.483,844267,4
0.551,0.44,6,-13.808,0.0614,0.957,0.904,0.241,0.689,106.246,158133,4
0.371,0.872,7,-8.241,0.196,0.483,0.718,0.341,0.0369,124.88,597013,4
0.753,0.43,8,-8.217,0.0343,0.799,7.54e-05,0.0932,0.934,110.977,277867,4
0.576,0.943,4,-10.129,0.0396,0.0678,0.811,0.0819,0.72,119.124,213520,4
0.595,0.551,9,-10.555,0.0735,0.0433,0.0054,0.499,0.675,111.413,372467,4
0.785,0.56,11,-13.596,0.0513,3.01e-05,0.895,0.0513,0.804,124.438,249973,4
0.535,0.791,9,-10.299,0.155,0.302,0.0,0.148,0.528,123.277,161387,4
0.571,0.737,0,-9.178,0.443,0.145,7.46e-06,0.195,0.567,98.172,280747,4
0.55,0.779,7,-9.451,0.113,0.118,0.00514,0.0752,0.489,117.459,702400,4
0.808,0.803,9,-7.341,0.0578,0.000109,0.347,0.0225,0.847,126.867,297200,4
0.228,0.7,0,-11.013,0.0738,0.279,0.426,0.074,0.288,87.485,151427,4
0.654,0.281,8,-11.884,0.0291,0.862,0.00157,0.115,0.563,106.007,189080,4
0.278,0.594,8,-7.097,0.0356,0.0182,0.0,0.124,0.5,130.057,139706,5
0.677,0.666,7,-11.793,0.321,0.507,0.000136,0.561,0.32,119.819,480827,4
0.596,0.521,7,-8.713,0.0402,0.399,0.00828,0.0924,0.768,162.872,381705,3
0.819,0.713,2,-8.992,0.151,0.131,0.869,0.0979,0.644,123.998,659453,4
0.76,0.847,2,-8.793,0.0354,0.213,0.779,0.234,0.922,128.819,195608,4
0.602,0.601,2,-14.001,0.0364,0.036,0.0729,0.301,0.777,122.77,423667,4
0.49,0.506,0,-6.677,0.0276,0.156,0.454,0.107,0.333,140.053,138733,4
0.489,0.699,2,-11.885,0.0633,0.269,0.0221,0.0574,0.856,176.881,193907,4
0.791,0.489,1,-22.675,0.0846,0.0013,0.953,0.111,0.432,127.975,246568,4
0.744,0.824,0,-6.741,0.045,0.0221,0.695,0.0506,0.752,116.221,276480,4
0.866,0.751,8,-9.753,0.0395,0.0327,0.852,0.07,0.406,129.018,365133,4
0.737,0.89,4,-8.443,0.158,0.00556,0.00171,0.0801,0.809,105.848,262800,4
0.549,0.67,7,-13.279,0.0784,0.114,8.88e-06,0.0884,0.735,131.287,221987,4
0.824,0.683,11,-8.743,0.497,0.0658,0.0,0.101,0.748,95.845,191587,4
0.74,0.841,6,-2.891,0.237,0.023,0.0,0.112,0.673,83.007,248627,4
0.788,0.755,1,-16.39,0.132,0.125,0.691,0.106,0.911,120.863,287480,4
0.449,0.487,2,-13.794,0.0289,0.389,0.868,0.545,0.495,92.343,162160,4
0.315,0.555,0,-10.93,0.0402,0.049,0.0207,0.0899,0.29,104.439,256960,4
0.478,0.572,2,-8.201,0.038,0.714,0.252,0.0646,0.447,127.288,155680,4
0.919,0.734,7,-7.492,0.306,0.00406,8.13e-06,0.0884,0.594,98.98,242267,4
0.5,0.8,10,-10.453,0.055,0.374,0.809,0.178,0.603,107.406,191000,4
0.619,0.579,10,-9.232,0.291,0.00487,0.752,0.334,0.409,149.829,113040,4
0.428,0.398,5,-14.699,0.077,0.761,0.196,0.195,0.225,120.539,787533,4
0.487,0.546,8,-10.738,0.0257,0.859,0.611,0.244,0.657,88.148,200533,4
0.516,0.861,8,-6.094,0.0518,0.04,0.527,0.23,0.521,80.337,230733,4
0.75,0.425,10,-6.822,0.0298,0.859,0.000262,0.0997,0.744,138.704,181147,4
0.33,0.901,10,-10.338,0.0602,0.0184,0.817,0.112,0.512,85.631,358840,4
0.524,0.635,8,-11.703,0.197,0.668,0.416,0.0528,0.588,81.007,344127,4
0.866,0.534,11,-9.201,0.229,0.184,0.266,0.0929,0.841,98.243,226133,4
0.534,0.813,7,-7.709,0.0483,0.0621,0.305,0.168,0.595,117.7,186400,4
0.82,0.663,5,-9.726,0.0518,0.0508,0.0604,0.374,0.97,103.417,251680,4
0.746,0.439,1,-11.84,0.0331,0.848,0.851,0.056,0.868,119.866,209600,4
0.38,0.623,2,-11.343,0.089,0.0876,0.602,0.559,0.601,87.681,304053,4
0.335,0.55,1,-10.392,0.401,0.88,0.0559,0.104,0.27,81.067,199160,3
0.423,0.397,0,-14.851,0.0447,0.804,0.806,0.165,0.544,85.478,192077,3
0.714,0.526,5,-15.921,0.0608,0.179,0.0,0.282,0.931,92.853,314227,4
0.429,0.925,0,-7.733,0.0922,0.0882,0.507,0.165,0.358,176.875,225867,4
0.879,0.495,7,-10.584,0.0765,0.538,0.000333,0.0827,0.802,102.652,313493,4
0.64,0.511,6,-14.169,0.0368,0.566,0.00252,0.178,0.44,137.845,223960,4
0.567,0.945,10,-7.922,0.109,0.00871,0.869,0.0761,0.314,125.942,443859,4
0.74,0.83,10,-12.645,0.0935,0.0964,0.318,0.366,0.441,123.888,331667,4
0.813,0.619,7,-8.203,0.0294,0.245,0.0151,0.113,0.774,114.58,139507,4
0.492,0.589,8,-8.433,0.0536,0.00462,0.551,0.133,0.914,160.349,100520,4
0.469,0.693,10,-12.328,0.244,0.229,0.0984,0.345,0.419,110.784,813760,4
0.771,0.69,8,-15.059,0.379,0.157,6.34e-05,0.31,0.786,98.38,157307,4
0.738,0.549,1,-8.018,0.202,0.0669,0.00342,0.119,0.77,91.211,235200,4
0.556,0.652,0,-14.871,0.321,0.128,0.0193,0.398,0.313,109.63,260520,4
0.753,0.455,11,-9.394,0.065,0.00226,0.874,0.0761,0.594,122.988,496560,4
0.816,0.655,7,-12.651,0.131,0.704,0.0101,0.0834,0.786,108.856,185600,4
0.723,0.648,5,-11.501,0.0382,0.13,0.557,0.447,0.808,128.916,310845,4
0.502,0.285,7,-14.638,0.0265,0.667,0.000105,0.346,0.35,94.311,288600,4
0.514,0.561,7,-11.417,0.0324,0.239,0.954,0.0743,0.524,93.146,190200,4
0.836,0.799,2,-7.051,0.231,0.196,1.73e-06,0.105,0.78,92.005,145707,4
0.75,0.352,0,-20.046,0.0404,0.00414,0.651,0.0839,0.427,114.58,273469,4
0.584,0.714,11,-6.105,0.149,0.156,1.62e-06,0.0578,0.505,168.468,366733,4
0.801,0.662,11,-8.829,0.0462,0.00571,0.0733,0.0878,0.825,137.659,220293,4
0.612,0.356,4,-16.755,0.0312,0.257,0.875,0.0915,0.121,140.932,424800,4
0.763,0.541,9,-8.843,0.329,0.466,0.0,0.0693,0.885,90.032,217467,4
0.708,0.735,10,-14.889,0.0524,0.513,0.857,0.0804,0.413,147.984,177107,4
0.421,0.531,9,-13.432,0.0504,0.619,0.667,0.315,0.18,99.544,359507,4
0.561,0.754,9,-12.769,0.112,0.61,0.0194,0.328,0.642,100.08,282693,4
0.786,0.656,0,-6.171,0.0558,0.0781,0.0877,0.363,0.342,122.118,181110,4
0.787,0.721,2,-11.35,0.0406,0.00016,0.829,0.185,0.256,130.073,281147,4
0.595,0.608,0,-13.387,0.0458,0.0527,0.0171,0.103,0.791,132.378,278717,4
0.36,0.28,4,-19.243,0.0342,0.824,0.00671,0.175,0.353,152.099,216373,4
0.575,0.315,4,-16.856,0.0656,0.369,0.977,0.16,0.937,135.24,69707,4
0.115,0.212,2,-16.123,0.0312,0.836,0.89,0.112,0.0382,174.607,138371,3
0.667,0.985,8,-5.037,0.0384,0.883,0.943,0.131,0.281,121.986,306027,4
0.667,0.889,11,-9.667,0.0728,8.11e-05,0.0604,0.0419,0.324,130.674,190347,4
0.104,0.839,2,-5.614,0.0628,0.00717,0.789,0.348,0.103,79.318,1229120,4
0.315,0.626,2,-8.514,0.0414,0.000867,0.872,0.112,0.354,90.122,165653,4
0.731,0.83,1,-9.557,0.114,0.44,0.151,0.0645,0.728,113.043,414027,4
0.56,0.53,8,-15.323,0.0561,0.359,0.00731,0.984,0.773,138.857,315560,4
0.698,0.646,1,-8.473,0.0592,0.000905,0.861,0.235,0.558,78.956,192093,4
0.705,0.663,7,-17.81,0.0795,0.242,0.92,0.101,0.61,148.738,570613,4
0.772,0.803,4,-11.198,0.0597,0.000157,0.809,0.151,0.147,125.97,291500,4
0.524,0.863,0,-5.177,0.061,0.516,0.622,0.086,0.724,96.212,473707,3
0.184,0.939,0,-6.928,0.0817,0.0115,0.908,0.188,0.202,127.428,728280,4
0.398,0.385,8,-13.773,0.0304,0.812,0.109,0.123,0.425,175.587,293293,4
0.808,0.741,9,-7.263,0.123,0.0698,2.67e-05,0.0905,0.939,108.158,205840,4
0.624,0.826,4,-10.179,0.0476,0.0308,0.918,0.254,0.198,126.969,273448,4
0.787,0.747,9,-6.907,0.0306,0.45,0.00395,0.104,0.845,121.047,284683,4
0.711,0.871,2,-4.32,0.294,0.398,1.69e-06,0.171,0.912,91.153,274440,4
0.517,0.639,4,-8.645,0.488,0.507,0.0,0.891,0.696,130.291,284373,4
0.192,0.946,4,-4.059,0.0856,0.024,6.44e-06,0.135,0.182,136.401,248360,4
0.258,0.548,10,-9.927,0.0721,0.0696,0.685,0.159,0.486,191.516,154400,4
0.321,0.396,5,-13.701,0.0704,0.849,0.000913,0.122,0.493,83.266,312400,4
0.63,0.616,1,-8.128,0.0309,0.463,0.0408,0.173,0.509,118.65,270773,4
0.591,0.855,11,-8.339,0.339,0.00832,5.87e-05,0.771,0.78,136.734,158467,4
0.68,0.847,0,-6.742,0.0311,0.0334,0.824,0.0818,0.51,128.992,684493,4
0.433,0.739,7,-9.661,0.143,0.0145,0.855,0.0783,0.0998,181.314,294349,5
0.545,0.41,6,-11.107,0.0319,0.245,0.0,0.082,0.41,117.076,170733,4
0.653,0.239,5,-18.54,0.0453,0.806,0.0146,0.132,0.765,80.392,171373,4
0.272,0.59,2,-12.598,0.0362,0.229,0.0505,0.35,0.448,116.986,252253,3
0.68,0.843,1,-4.919,0.241,0.22,3.02e-05,0.378,0.743,81.958,192067,4
0.75,0.925,5,-4.961,0.0407,0.349,0.838,0.197,0.97,123.854,605853,4
0.378,0.113,7,-21.617,0.0363,0.893,0.339,0.113,0.116,130.453,242853,4
0.396,0.473,10,-7.67,0.0345,0.326,0.000124,0.109,0.385,133.449,219027,4
0.677,0.859,11,-7.956,0.0936,0.0878,0.0544,0.111,0.643,121.569,581933,4
0.618,0.808,9,-5.812,0.042,0.0224,0.00392,0.279,0.708,124.286,499000,4
0.731,0.674,10,-8.281,0.0447,0.0501,0.869,0.176,0.765,120.015,318015,4
0.583,0.667,1,-4.307,0.297,0.0495,1.15e-06,0.1,0.333,191.501,264773,4
0.314,0.486,11,-15.211,0.0512,0.09,0.703,0.616,0.23,143.425,713333,4
0.536,0.315,11,-18.107,0.06,0.0496,0.514,0.0993,0.721,128.102,285453,4
0.394,0.74,8,-7.278,0.0336,0.77,0.177,0.126,0.729,168.253,645707,4
0.619,0.78,9,-14.023,0.0349,0.117,0.831,0.0693,0.771,152.581,607427,4
0.477,0.99,2,-12.654,0.0468,0.396,0.501,0.0818,0.0318,144.399,143960,4
0.254,0.665,7,-10.54,0.0851,0.0658,0.0121,0.0909,0.0607,72.084,403427,4
0.801,0.788,4,-5.245,0.0442,0.00157,0.764,0.0963,0.421,114.985,402783,4
0.662,0.909,9,-5.817,0.057,0.372,5.78e-05,0.0841,0.714,91.453,203373,4
0.421,0.693,5,-11.425,0.0337,0.0933,1.61e-05,0.0903,0.858,99.973,470640,4
0.679,0.541,7,-10.348,0.0465,0.252,0.000227,0.314,0.584,97.335,249240,4
0.436,0.423,9,-14.431,0.0368,0.738,0.984,0.0823,0.0318,152.821,661720,4
0.644,0.767,7,-10.313,0.0464,0.134,0.122,0.173,0.652,125.057,331627,4
0.61,0.583,7,-10.73,0.0329,0.314,0.000461,0.275,0.554,86.286,213653,4
0.285,0.615,0,-13.403,0.0429,0.199,0.906,0.105,0.474,128.774,244773,4
0.535,0.417,7,-14.839,0.0329,0.96,0.219,0.153,0.723,114.224,125307,4
0.205,0.783,1,-10.14,0.0758,0.305,0.758,0.0986,0.268,146.87,433573,4
0.44,0.715,2,-11.248,0.0832,0.489,0.00866,0.435,0.558,118.846,475600,4
0.792,0.867,1,-5.429,0.317,0.039,0.000465,0.166,0.921,158.14,268722,4
0.805,0.615,11,-8.952,0.163,0.00251,0.00314,0.133,0.77,170.035,259973,4
0.844,0.326,1,-17.932,0.0413,0.155,0.893,0.105,0.509,130.28,285933,3
0.363,0.355,2,-13.968,0.036,0.0952,0.559,0.0949,0.437,178.911,331373,4
0.484,0.603,11,-10.42,0.0652,0.16,0.00875,0.123,0.846,99.346,206293,4
0.692,0.851,10,-11.412,0.0602,0.000982,0.652,0.284,0.382,112.04,306133,4
0.663,0.53,10,-9.199,0.0275,0.613,0.906,0.109,0.631,103.779,152400,4
0.549,0.391,9,-15.657,0.05,0.738,7.67e-05,0.142,0.672,116.755,331173,4
0.485,0.552,1,-9.202,0.0543,0.116,0.0455,0.0864,0.0676,139.792,338413,4
0.895,0.694,9,-4.384,0.275,0.176,0.0,0.292,0.632,93.944,230000,4
0.431,0.476,3,-12.009,0.038,0.293,1.09e-06,0.479,0.195,124.551,290400,4
0.642,0.901,2,-8.159,0.0708,0.339,0.0,0.659,0.906,108.264,175999,4
0.78,0.593,8,-6.938,0.0715,0.469,0.379,0.0959,0.817,122.427,295773,4
0.891,0.452,5,-9.086,0.0369,0.0334,0.00113,0.0342,0.964,110.586,307307,4
0.466,0.518,7,-16.167,0.426,0.133,0.00445,0.375,0.419,119.494,372973,4
0.586,0.702,0,-3.602,0.0324,0.00135,0.0,0.451,0.577,121.32,251533,4
0.865,0.641,10,-6.652,0.162,0.0611,0.000107,0.218,0.762,95.307,263533,4
0.835,0.664,1,-8.49,0.0975,0.628,0.00016,0.0972,0.832,105.137,296880,4
0.217,0.443,10,-9.631,0.0303,0.845,0.000107,0.0969,0.478,169.985,131506,3
0.736,0.915,7,-3.7,0.288,0.298,0.0,0.0455,0.915,136.039,245067,4
0.723,0.361,7,-17.88,0.0753,0.795,0.913,0.073,0.856,104.896,411347,4
0.69,0.778,9,-11.675,0.0406,0.525,0.48,0.32,0.918,138.973,271856,4
0.536,0.946,1,-7.731,0.0812,0.0037,0.00197,0.0989,0.913,123.882,258173,4
0.565,0.433,4,-14.97,0.0393,0.0308,0.225,0.0909,0.746,137.269,644440,4
0.527,0.871,4,-8.708,0.0354,0.0229,0.155,0.419,0.107,120.722,188560,4
0.659,0.811,2,-9.758,0.0813,0.0158,0.0039,0.0399,0.884,117.604,223187,4
0.745,0.8,4,-8.364,0.11,0.107,0.000118,0.297,0.52,92.025,234667,4
0.385,0.622,4,-13.139,0.0569,0.785,0.00475,0.126,0.162,133.525,367240,4
0.785,0.747,1,-8.078,0.119,0.0433,0.0,0.0396,0.695,125.811,259227,4
0.567,0.382,5,-5.238,0.508,0.0445,0.0,0.107,0.688,85.537,333040,5
0.681,0.678,11,-7.21,0.126,0.183,0.0,0.0835,0.396,140.024,206047,4
0.843,0.48,11,-11.574,0.0492,0.28,0.000782,0.108,0.762,101.993,180493,4
0.59,0.508,2,-12.572,0.0656,0.15,0.765,0.147,0.636,111.621,348840,4
0.246,0.279,4,-23.209,0.0353,0.845,0.925,0.112,0.049,143.904,1280683,4
0.899,0.713,6,-2.752,0.366,0.255,0.0,0.0708,0.777,90.051,193467,4
0.228,0.52,7,-13.436,0.0346,0.0155,0.0,0.372,0.487,69.071,845827,3
0.545,0.947,6,-7.534,0.335,0.00111,0.0,0.516,0.533,179.224,178267,4
0.562,0.475,8,-13.396,0.0335,0.817,0.076,0.118,0.596,93.728,328200,4
0.805,0.38,7,-16.387,0.0571,0.0143,0.00974,0.228,0.961,89.658,252200,4
0.827,0.691,6,-9.17,0.0912,0.018,0.00417,0.158,0.838,134.157,192427,4
0.611,0.442,5,-11.389,0.0392,0.375,0.000101,0.139,0.91,100.352,228907,4
0.761,0.493,1,-14.578,0.083,0.207,0.0222,0.087,0.833,83.211,270373,4
0.641,0.921,10,-8.031,0.0831,0.000268,0.0282,0.158,0.461,128.022,555695,4
0.782,0.528,4,-14.529,0.0529,0.122,0.615,0.2,0.861,123.554,576613,4
0.603,0.614,6,-8.006,0.0387,0.129,0.0825,0.349,0.731,79.575,268733,4
0.639,0.889,7,-9.502,0.0576,0.201,0.473,0.589,0.889,117.717,210360,4
0.802,0.831,11,-5.54,0.369,0.271,0.0,0.223,0.812,102.881,180240,4
0.52,0.824,2,-4.286,0.0462,0.324,4.76e-06,0.147,0.517,79.39,260880,4
0.808,0.451,8,-13.848,0.17,0.00204,0.908,0.0885,0.804,118.73,255067,4
0.525,0.768,2,-4.742,0.351,0.467,0.0,0.53,0.658,166.908,277000,4
0.769,0.825,4,-6.879,0.0897,0.00213,0.584,0.2,0.573,112.407,395627,4
0.576,0.291,10,-9.919,0.108,0.773,0.908,0.205,0.201,89.529,253612,4
0.84,0.663,6,-5.563,0.171,0.000364,0.0157,0.366,0.136,114.654,333467,4
0.35,0.356,9,-16.11,0.0368,0.192,0.905,0.093,0.227,167.019,433145,4
0.181,0.772,11,-11.448,0.0454,0.00312,0.777,0.0541,0.13,138.387,1087840,4
0.95,0.562,0,-7.683,0.205,0.12,0.243,0.0775,0.888,104.797,281600,4
0.18,0.536,2,-13.618,0.0383,0.0129,0.0,0.104,0.231,98.42,395867,3
0.889,0.818,9,-4.639,0.253,0.47,0.0,0.179,0.782,96.063,302760,4
0.69,0.793,9,-8.244,0.0316,0.000806,0.3,0.11,0.923,129.175,210000,4
0.623,0.97,10,-2.17,0.454,0.0869,0.0,0.0517,0.438,98.384,254813,4
0.549,0.334,2,-18.998,0.0492,0.0678,0.0,0.0436,0.787,99.189,220573,4
0.734,0.822,11,-4.661,0.105,0.821,0.0148,0.238,0.458,121.804,645800,4
0.706,0.966,8,-5.989,0.0557,0.0455,0.0824,0.0603,0.882,116.966,303273,4
0.634,0.638,10,-10.169,0.792,0.114,0.0,0.433,0.664,179.67,286267,4
0.345,0.811,1,-11.948,0.0654,0.0606,0.0466,0.357,0.625,142.834,183824,4
0.882,0.241,8,-16.648,0.0601,0.788,0.432,0.106,0.718,126.007,386240,4
0.768,0.739,1,-10.412,0.0502,0.0324,0.85,0.316,0.874,133.689,151487,4
0.719,0.434,10,-10.314,0.122,0.0812,0.809,0.122,0.426,83.247,260693,4
0.54,0.437,9,-11.811,0.0331,0.522,0.000298,0.114,0.61,139.434,163440,4
0.809,0.704,1,-11.803,0.098,0.00441,0.672,0.0719,0.245,126.005,396191,4
0.6,0.882,10,-6.057,0.0409,0.121,0.0,0.0564,0.703,100.56,145413,4
0.543,0.483,0,-10.46,0.0532,0.837,0.0,0.0762,0.967,127.372,618840,4
0.449,0.624,4,-13.422,0.0324,0.0989,0.913,0.313,0.512,122.544,707560,4
0.354,0.69,8,-11.798,0.166,0.179,0.002,0.134,0.517,138.313,1125500,3
0.521,0.538,5,-14.506,0.0314,0.0603,0.868,0.109,0.25,87.38,110067,4
0.38,0.423,0,-10.62,0.0429,0.459,0.423,0.105,0.568,83.964,330500,4
0.476,0.877,0,-8.852,0.0392,0.26,0.339,0.384,0.894,116.984,459467,4
0.535,0.261,6,-18.381,0.033,0.942,0.88,0.0759,0.443,119.996,473000,3
0.599,0.218,5,-23.074,0.0425,0.693,0.831,0.115,0.437,141.944,910973,4
0.622,0.447,9,-14.515,0.0338,0.964,0.91,0.102,0.584,89.986,241060,4
0.349,0.492,2,-13.886,0.0465,0.699,0.012,0.434,0.503,106.053,260400,4
0.726,0.52,6,-11.816,0.0528,0.00562,0.866,0.109,0.319,130.686,466413,4
0.835,0.738,6,-8.548,0.054,0.0133,0.00381,0.0676,0.953,125.009,349707,4
0.363,0.854,8,-5.665,0.0555,0.537,0.00188,0.173,0.548,141.537,505933,4
0.713,0.958,8,-4.755,0.0605,0.461,0.952,0.109,0.961,131.462,439280,4
0.424,0.793,2,-6.932,0.475,0.478,0.0159,0.346,0.259,190.77,115280,4
0.319,0.778,0,-7.148,0.0987,0.324,0.0518,0.146,0.596,183.195,540560,3
0.515,0.534,6,-8.045,0.0768,0.181,0.00278,0.0547,0.426,70.776,145747,4
0.846,0.77,9,-7.489,0.283,0.0107,0.000123,0.0558,0.773,92.057,254933,4
0.474,0.376,9,-10.482,0.0283,0.315,0.000748,0.147,0.253,81.001,302200,4
0.381,0.592,6,-12.956,0.0258,0.00342,0.81,0.114,0.409,92.191,217600,4
0.763,0.636,7,-13.909,0.13,0.343,0.0,0.238,0.827,111.108,146680,4
0.304,0.515,9,-12.58,0.108,0.174,0.000284,0.668,0.641,189.61,207693,4
0.414,0.144,1,-18.149,0.0377,0.914,0.021,0.489,0.12,114.189,162667,4
0.458,0.823,1,-7.744,0.0428,0.469,2.26e-06,0.179,0.687,100.421,198813,4
0.785,0.513,10,-9.301,0.293,0.14,0.0102,0.326,0.713,90.223,149391,4
0.691,0.567,11,-11.624,0.0515,0.0869,0.15,0.0276,0.942,116.705,316307,4
0.693,0.905,0,-8.701,0.303,0.0469,0.0,0.268,0.832,82.911,239533,4
0.682,0.632,2,-12.526,0.0668,0.569,0.858,0.0889,0.814,124.963,235960,4
0.893,0.566,1,-7.859,0.201,0.115,0.000687,0.103,0.711,104.729,272107,4
0.401,0.445,8,-12.881,0.0486,0.841,0.227,0.115,0.236,102.07,344547,4
0.501,0.519,4,-7.363,0.0674,0.309,0.000647,0.114,0.766,178.836,221173,4
0.789,0.875,2,-8.808,0.112,0.471,0.111,0.0322,0.509,111.242,222453,4
0.67,0.862,9,-7.859,0.102,0.23,0.00158,0.383,0.552,120.029,342794,4
0.658,0.936,5,-5.105,0.3,0.172,0.0,0.321,0.711,95.439,203000,4
0.697,0.548,1,-9.087,0.0561,0.783,0.841,0.132,0.977,133.005,289680,4
0.532,0.663,5,-6.527,0.0326,0.953,0.0395,0.286,0.731,155.926,392718,4
0.652,0.83,9,-11.557,0.0459,0.253,0.841,0.0761,0.959,128.687,281280,4
0.698,0.712,9,-13.065,0.0637,0.524,0.00339,0.199,0.816,126.288,232000,4
0.506,0.551,11,-16.059,0.0457,0.34,0.852,0.114,0.101,123.233,475213,4
0.81,0.839,10,-4.386,0.255,0.024,0.318,0.126,0.576,96.104,220800,4
0.678,0.562,5,-12.699,0.225,0.0537,0.753,0.411,0.571,145.17,167107,4
0.404,0.707,5,-18.349,0.0655,0.0125,0.92,0.14,0.946,125.239,204400,4
0.55,0.699,2,-13.939,0.0984,0.077,0.634,0.0929,0.573,156.368,545762,4
0.285,0.588,6,-13.625,0.0466,0.871,0.063,0.24,0.839,114.018,646400,4
0.425,0.0989,1,-16.774,0.0469,0.893,7.54e-06,0.138,0.378,91.402,39973,3
0.586,0.717,11,-8.425,0.288,0.367,6.08e-06,0.777,0.886,87.805,131867,4
0.628,0.759,1,-11.089,0.0487,0.00041,0.833,0.0856,0.232,124.995,368910,4
0.807,0.437,5,-19.48,0.171,0.00108,0.855,0.328,0.643,121.178,389693,4
0.645,0.835,4,-8.784,0.0498,0.108,0.198,0.1,0.881,117.148,188133,4
0.659,0.579,7,-19.758,0.158,0.841,0.871,0.145,0.795,122.591,145640,4
0.11,0.593,3,-9.607,0.0505,0.688,0.54,0.0761,0.0382,171.882,554616,4
0.766,0.794,6,-9.518,0.0331,0.0547,0.929,0.103,0.657,127.005,410667,4
0.708,0.724,9,-11.559,0.0535,0.265,0.755,0.149,0.828,91.528,135400,4
0.894,0.4,10,-12.905,0.0582,0.0484,0.523,0.187,0.575,97.929,318427,4
0.851,0.366,8,-13.164,0.0394,0.339,0.0134,0.0834,0.955,109.261,439107,4
0.334,0.0849,8,-20.008,0.0484,0.931,0.00194,0.109,0.194,87.237,304573,4
0.265,0.782,1,-10.369,0.0433,0.0191,0.583,0.0405,0.233,127.943,204373,3
0.684,0.767,7,-13.398,0.049,0.00272,0.397,0.0578,0.924,129.926,252933,4
0.459,0.67,2,-8.321,0.0423,0.00498,0.0609,0.12,0.377,141.611,397667,4
0.582,0.973,11,-6.571,0.0602,0.132,0.486,0.098,0.877,138.361,535333,4
0.405,0.745,9,-9.484,0.0729,0.0929,0.449,0.151,0.632,159.677,302427,4
0.482,0.28,1,-14.97,0.0264,0.228,0.0,0.0888,0.359,90.985,202573,4
0.262,0.636,9,-9.123,0.0633,0.583,9.79e-06,0.368,0.547,88.2,516613,3
0.592,0.861,7,-13.708,0.153,0.221,0.0981,0.105,0.645,171.366,299160,4
0.506,0.404,7,-13.308,0.0295,0.871,0.000571,0.328,0.409,126.973,227840,4
0.465,0.565,8,-11.328,0.132,0.644,0.0134,0.0905,0.555,145.709,338907,4
0.564,0.73,11,-6.104,0.046,0.366,0.137,0.154,0.788,121.245,514715,4
0.665,0.91,6,-4.682,0.223,0.0394,0.0,0.227,0.887,84.099,293973,4
0.528,0.571,2,-9.128,0.0333,0.351,1.13e-05,0.229,0.495,134.336,165240,4
0.819,0.714,5,-8.461,0.0415,0.476,0.029,0.0662,0.874,107.851,227387,4
0.762,0.826,7,-4.588,0.0329,0.308,0.000866,0.085,0.832,121.092,252473,4
0.297,0.641,1,-9.009,0.0545,0.00109,0.0385,0.757,0.202,132.088,191053,4
0.753,0.723,7,-7.312,0.0606,0.531,0.044,0.0795,0.961,129.323,498358,4
0.755,0.794,2,-6.348,0.0409,0.151,0.0274,0.37,0.845,128.516,316453,4
0.404,0.756,10,-10.048,0.0603,0.262,0.88,0.378,0.326,134.438,231347,4
0.344,0.919,0,-4.121,0.332,0.00051,0.837,0.0692,0.573,201.331,156240,4
0.586,0.416,10,-12.577,0.14,0.762,0.0,0.137,0.374,86.366,467547,4
0.807,0.556,0,-5.539,0.119,0.157,0.0,0.0906,0.383,87.852,163587,4
0.696,0.904,5,-5.173,0.0555,0.648,0.000545,0.183,0.921,173.989,278160,4
0.32,0.854,2,-8.918,0.0839,0.000126,0.25,0.615,0.513,123.93,349267,4
0.706,0.823,11,-4.188,0.114,0.0243,0.0,0.0861,0.864,83.007,208373,4
0.649,0.602,9,-11.182,0.027,0.0105,0.000355,0.0934,0.812,112.919,254387,4
0.707,0.299,4,-12.468,0.0342,0.443,0.00759,0.0976,0.48,141.269,202693,4
0.435,0.404,6,-15.394,0.0356,0.595,0.114,0.104,0.496,129.618,131400,4
0.455,0.922,0,-7.528,0.0464,7.12e-05,0.86,0.337,0.207,130.011,654840,4
0.735,0.694,5,-9.652,0.0445,0.00323,0.0156,0.0985,0.879,122.215,300827,4
0.496,0.156,9,-17.059,0.0419,0.777,0.0,0.232,0.205,129.524,206333,4
0.701,0.781,2,-10.139,0.129,0.177,0.0,0.138,0.773,138.012,369067,4
0.461,0.498,11,-19.384,0.0542,0.0231,0.00199,0.155,0.778,129.593,319320,4
0.643,0.66,5,-5.986,0.0685,0.701,0.0889,0.112,0.57,103.033,183909,4
0.765,0.687,0,-6.664,0.259,0.216,0.0,0.104,0.813,92.873,325653,4
0.474,0.735,6,-7.987,0.0316,0.261,0.862,0.0965,0.692,88.407,214933,4
0.732,0.239,2,-12.203,0.037,0.681,1.16e-06,0.0972,0.377,110.58,188600,3
0.424,0.16,6,-18.425,0.0353,0.708,0.00902,0.117,0.0689,60.684,182840,4
0.736,0.81,7,-6.877,0.0427,0.0323,0.00638,0.112,0.707,100.561,216893,4
0.66,0.536,10,-8.786,0.29,0.233,0.00669,0.111,0.775,159.963,237800,4
0.47,0.398,2,-13.208,0.0375,0.118,0.702,0.131,0.632,149.644,253893,4
0.7,0.964,7,-6.307,0.0479,0.0027,0.755,0.18,0.776,123.345,160693,4
0.492,0.553,9,-8.6,0.0397,0.406,0.000105,0.163,0.431,125.936,167200,4
0.592,0.205,9,-14.601,0.048,0.896,5.46e-05,0.119,0.378,140.282,179760,4
0.691,0.925,11,-9.375,0.0477,0.203,0.00519,0.315,0.967,125.7,581040,4
0.228,0.0485,10,-14.4,0.0267,0.968,0.747,0.185,0.213,88.565,64969,1
0.439,0.421,9,-9.813,0.0302,0.0023,0.0,0.188,0.0945,113.464,160933,4
0.499,0.799,0,-10.785,0.278,0.0328,0.000271,0.501,0.53,129.616,386176,4
0.412,0.54,7,-13.897,0.0516,0.0582,0.0717,0.0849,0.299,96.783,289360,4
0.898,0.737,9,-18.806,0.0438,0.903,0.935,0.182,0.785,124.229,156654,4
0.407,0.521,0,-12.511,0.0297,0.32,4.1e-06,0.128,0.829,98.867,136707,4
0.638,0.68,1,-8.032,0.0461,0.0208,0.865,0.704,0.408,124.487,423987,4
0.431,0.144,5,-24.103,0.0418,0.915,0.551,0.11,0.273,96.84,271840,4
0.0766,0.0687,8,-22.275,0.0367,0.902,0.945,0.076,0.0349,82.35,1127200,4
0.519,0.634,6,-13.155,0.0351,0.809,0.847,0.138,0.651,90.392,586760,3
0.866,0.554,6,-10.709,0.264,0.463,5.72e-06,0.0712,0.803,100.23,277733,4
0.862,0.918,8,-6.851,0.0522,0.0884,0.868,0.0557,0.836,124.853,376547,3
0.776,0.474,10,-5.894,0.482,0.172,0.0,0.115,0.729,93.019,146267,4
0.744,0.142,4,-17.128,0.0617,0.0412,0.0514,0.0976,0.277,139.955,402053,3
0.749,0.605,8,-9.359,0.086,0.00186,0.0381,0.115,0.966,142.024,251733,4
0.58,0.295,6,-14.465,0.0424,0.617,0.0,0.1,0.417,140.875,205400,4
0.0805,0.0242,8,-20.04,0.0426,0.931,0.996,0.109,0.0921,168.225,512507,5
0.242,0.711,5,-7.76,0.0359,0.823,0.945,0.188,0.715,178.458,64373,4
0.543,0.944,10,-8.24,0.034,0.523,0.949,0.724,0.204,128.758,651000,4
0.752,0.635,0,-7.959,0.282,0.0179,0.861,0.0649,0.0536,159.829,371733,4
0.739,0.964,1,-7.939,0.0613,0.00789,0.928,0.0206,0.599,124.601,418599,4
0.711,0.62,11,-10.174,0.212,0.0175,0.0,0.134,0.805,179.817,217627,4
0.127,0.335,11,-8.298,0.0329,0.786,0.427,0.111,0.0686,77.078,288733,4
0.434,0.413,5,-13.963,0.028,0.0271,0.902,0.109,0.45,73.062,264754,4
0.266,0.706,9,-7.249,0.243,0.0633,0.0267,0.307,0.48,151.531,117907,4
0.435,0.604,1,-15.933,0.0313,0.213,0.881,0.0788,0.806,140.039,300320,4
0.522,0.652,6,-7.324,0.0305,0.204,0.00796,0.173,0.797,113.802,208093,4
0.505,0.561,7,-10.81,0.0281,0.202,0.0,0.63,0.291,131.382,167853,4
0.735,0.844,1,-5.215,0.167,0.142,0.0,0.319,0.742,156.069,286427,4
0.608,0.424,5,-12.276,0.0465,0.845,0.772,0.244,0.563,128.326,149587,4
0.715,0.562,7,-9.084,0.0502,0.2,0.000342,0.109,0.7,136.177,454440,4
0.832,0.588,11,-10.88,0.248,0.4,0.0,0.104,0.716,95.309,250868,4
0.871,0.627,0,-16.109,0.0458,0.433,0.479,0.0378,0.809,102.917,301733,4
0.708,0.832,1,-4.964,0.318,0.02,2.8e-06,0.189,0.618,92.428,252600,4
0.858,0.427,10,-13.889,0.268,0.00859,0.0271,0.0686,0.622,99.19,170800,4
0.828,0.817,9,-9.25,0.0732,0.0139,0.768,0.105,0.363,124.005,511027,4
0.773,0.912,0,-6.955,0.184,0.000442,0.668,0.0721,0.333,128.089,367031,4
0.597,0.829,5,-9.397,0.131,0.0387,0.24,0.245,0.627,100.98,383173,4
0.266,0.935,9,-8.944,0.0698,0.00553,0.0739,0.291,0.252,102.858,252453,4
0.752,0.482,0,-12.355,0.0312,0.075,0.671,0.313,0.416,109.968,253108,4
0.545,0.575,10,-12.801,0.0914,0.0943,0.182,0.454,0.498,164.955,359907,4
0.761,0.803,10,-7.757,0.138,0.0294,0.00103,0.358,0.84,94.122,296373,4
0.874,0.657,10,-9.242,0.169,0.545,0.246,0.0378,0.94,103.415,162573,4
0.835,0.55,10,-9.784,0.153,0.163,3.01e-05,0.0361,0.808,115.567,237533,4
0.725,0.922,10,-10.393,0.253,0.02,0.874,0.212,0.537,119.418,500989,4
0.47,0.839,6,-3.5,0.0488,0.341,0.664,0.147,0.709,120.972,347880,4
0.825,0.77,6,-11.833,0.0441,0.025,0.00456,0.305,0.909,116.292,325227,4
0.576,0.564,7,-8.955,0.0394,0.953,0.0709,0.215,0.812,145.124,360547,4
0.795,0.6,2,-14.004,0.341,0.112,0.000171,0.111,0.633,101.78,250133,4
0.784,0.934,0,-8.825,0.0497,0.0249,0.868,0.0851,0.5,130.13,337907,4
0.48,0.254,0,-24.192,0.0768,0.988,0.964,0.104,0.51,173.826,181207,4
0.393,0.641,6,-9.589,0.0473,0.348,1.7e-05,0.287,0.782,125.005,172800,4
0.509,0.907,9,-6.661,0.0494,0.102,0.000557,0.0659,0.926,116.477,191067,4
0.697,0.943,2,-4.954,0.175,0.00269,0.0,0.0773,0.754,99.468,212853,4
0.775,0.801,2,-10.469,0.0496,0.00379,0.14,0.893,0.742,120.594,415933,4
0.357,0.793,0,-10.483,0.0587,0.227,0.0,0.165,0.71,109.198,816187,4
0.782,0.504,0,-10.977,0.123,0.0117,0.0596,0.225,0.455,127.674,337130,4
0.518,0.46,0,-9.605,0.0343,0.133,0.0204,0.338,0.335,155.339,410960,4
0.466,0.712,10,-11.911,0.0357,0.424,0.0171,0.36,0.533,109.141,251587,4
0.324,0.394,7,-11.385,0.0298,0.711,0.00206,0.19,0.221,129.859,1094733,4
0.736,0.47,0,-6.409,0.1,0.0397,0.0295,0.0816,0.171,96.229,159267,4
0.505,0.674,10,-10.622,0.0346,0.0666,0.426,0.114,0.61,155.645,390520,4
0.511,0.287,9,-14.756,0.288,0.662,0.0424,0.0571,0.395,113.05,323867,1
0.362,0.554,2,-12.228,0.0912,0.213,0.423,0.382,0.432,152.045,289107,3
0.939,0.859,11,-4.131,0.104,0.00882,0.0,0.102,0.889,136.025,261133,4
0.797,0.704,1,-12.035,0.0567,9.36e-05,0.912,0.0368,0.955,130.001,328000,4
0.329,0.284,5,-11.746,0.0276,0.644,0.595,0.131,0.193,93.203,207842,4
0.425,0.831,6,-12.434,0.0384,6.78e-06,0.822,0.354,0.726,109.588,418773,4
0.596,0.613,1,-10.885,0.05,0.674,5.09e-06,0.196,0.736,95.039,192773,4
0.446,0.988,11,-8.169,0.0801,0.0307,0.817,0.131,0.178,122.408,209667,4
0.718,0.372,9,-10.233,0.0617,0.0155,0.774,0.0717,0.583,83.628,114907,4
0.237,0.237,0,-19.166,0.0459,0.926,0.903,0.664,0.0397,71.375,75063,4
0.446,0.618,11,-9.439,0.0633,0.379,0.129,0.105,0.498,124.223,748040,4
0.729,0.498,0,-8.906,0.0821,0.537,0.322,0.134,0.78,111.77,344493,4
0.793,0.976,4,-10.012,0.0779,0.000361,0.92,0.0839,0.0377,126.291,557338,4
0.64,0.66,0,-8.062,0.0381,0.00351,0.0504,0.141,0.904,125.912,458960,4
0.818,0.507,0,-14.803,0.309,0.154,0.0,0.16,0.78,95.754,217360,4
0.445,0.417,9,-9.144,0.0298,0.854,3.33e-05,0.0941,0.473,136.459,189187,3
0.652,0.715,7,-12.612,0.0838,0.0302,0.854,0.0705,0.62,103.691,205773,4
0.393,0.745,2,-7.707,0.213,0.245,0.0216,0.646,0.527,86.155,99027,3
0.831,0.935,8,-6.02,0.197,0.0374,0.0,0.33,0.367,102.836,259227,4
0.67,0.674,0,-8.141,0.0319,0.493,2.2e-05,0.105,0.964,131.767,161613,4
0.519,0.483,9,-12.795,0.0277,0.139,0.000218,0.365,0.772,171.028,239907,4
0.73,0.693,7,-9.88,0.053,0.291,0.0138,0.139,0.78,90.978,298160,4
0.714,0.878,2,-6.209,0.065,0.153,0.811,0.0871,0.509,128.103,362947,4
0.774,0.623,1,-10.372,0.324,0.299,0.0,0.385,0.928,86.233,245080,4
0.543,0.932,7,-6.764,0.0548,0.0305,4.79e-05,0.0318,0.596,93.185,509520,4
0.499,0.48,5,-11.79,0.0277,0.0759,0.000772,0.102,0.534,105.762,173733,4
0.256,0.811,11,-8.41,0.0356,8.13e-06,0.788,0.113,0.195,139.934,288933,4
0.724,0.948,7,-3.325,0.287,0.00921,1.04e-05,0.0375,0.376,191.709,300133,4
0.492,0.586,6,-10.574,0.0555,0.00286,0.537,0.315,0.616,174.773,52720,5
0.813,0.703,11,-5.077,0.268,0.125,1.26e-06,0.237,0.241,94.828,224533,4
0.164,0.625,2,-10.475,0.037,0.0754,0.61,0.313,0.426,178.156,362307,3
0.462,0.458,10,-17.236,0.0307,0.636,0.712,0.284,0.616,109.896,293840,4
0.566,0.673,9,-10.814,0.306,0.565,1.13e-06,0.0438,0.583,114.385,377747,4
0.627,0.691,0,-7.74,0.369,0.234,0.0,0.147,0.839,166.227,233440,4
0.802,0.716,10,-9.262,0.161,0.0635,0.00192,0.132,0.368,98.347,185560,4
0.731,0.801,2,-5.194,0.32,0.0363,0.0,0.0844,0.774,86.643,313107,4
0.463,0.553,7,-14.06,0.0249,0.0017,0.0869,0.111,0.347,94.915,205333,4
0.592,0.751,7,-10.098,0.0346,0.0414,0.837,0.261,0.71,150.005,331533,4
0.299,0.608,10,-8.735,0.0325,0.00502,0.947,0.159,0.582,111.954,143547,4
0.914,0.394,8,-10.239,0.361,0.189,0.000178,0.0982,0.426,91.504,257747,4
0.546,0.573,5,-9.89,0.0675,0.739,4.85e-05,0.105,0.688,111.763,145240,4
0.563,0.606,9,-10.399,0.0309,0.735,0.00781,0.224,0.921,157.489,233064,4
0.579,0.252,6,-13.296,0.0453,0.344,0.692,0.108,0.19,96.755,106853,4
0.246,0.523,1,-15.25,0.0339,0.282,0.984,0.126,0.91,161.606,123093,4
0.269,0.255,6,-14.918,0.0352,0.755,0.000376,0.173,0.0992,96.11,336960,4
0.678,0.432,1,-12.822,0.0451,0.375,0.000304,0.246,0.438,137.802,431680,4
0.517,0.853,9,-5.694,0.0298,0.38,0.00754,0.123,0.627,124.421,185307,4
0.377,0.261,0,-15.708,0.0411,0.132,0.875,0.116,0.0457,117.994,181933,3
0.811,0.606,2,-12.645,0.121,0.403,0.000396,0.0923,0.928,112.958,314012,4
0.616,0.72,1,-7.894,0.0495,0.324,1.05e-05,0.26,0.768,93.12,294426,4
0.371,0.444,8,-12.781,0.0675,0.162,0.000698,0.144,0.441,107.936,204480,4
0.528,0.714,7,-8.111,0.0788,0.0169,0.8,0.44,0.283,133.001,244493,4
0.285,0.784,3,-8.965,0.0833,0.258,5.3e-05,0.0912,0.664,107.678,1967427,4
0.83,0.785,9,-5.716,0.0451,0.0901,2.9e-05,0.0735,0.722,123.144,184946,4
0.361,0.205,6,-12.717,0.0314,0.954,0.0,0.101,0.323,86.324,246173,4
0.459,0.913,3,-9.937,0.0948,0.414,0.659,0.494,0.415,118.207,413960,4
0.521,0.194,6,-17.723,0.0305,0.946,0.939,0.955,0.0707,123.945,347627,4
0.339,0.465,9,-7.115,0.0373,0.0854,0.126,0.106,0.336,94.366,294467,4
0.277,0.652,4,-11.52,0.0495,0.0612,0.000653,0.14,0.184,92.73,353427,4
0.437,0.906,5,-7.949,0.0715,0.00195,0.834,0.632,0.496,113.063,609560,4
0.72,0.836,5,-6.402,0.128,0.0022,0.743,0.088,0.499,135.379,283971,4
0.432,0.072,0,-22.419,0.0366,0.992,0.889,0.0941,0.208,65.451,427840,3
0.475,0.298,9,-11.744,0.0455,0.258,0.707,0.114,0.388,77.892,335160,4
0.358,0.0329,10,-19.265,0.0372,0.994,0.927,0.101,0.145,65.855,509027,3
0.239,0.315,2,-9.826,0.0343,0.941,0.204,0.371,0.0599,108.219,347347,3
0.48,0.603,0,-12.281,0.0824,0.257,0.00116,0.107,0.619,129.849,541053,4
0.686,0.42,7,-12.75,0.0528,0.0242,0.00172,0.135,0.457,112.634,205893,4
0.419,0.454,8,-16.458,0.0413,0.58,4.38e-05,0.161,0.783,90.99,220573,4
0.405,0.414,7,-9.155,0.0729,0.345,0.00141,0.371,0.364,80.094,330000,3
0.617,0.892,0,-7.088,0.0496,0.23,0.00862,0.0885,0.569,134.042,486173,4
0.297,0.502,2,-10.375,0.0499,0.042,8.22e-05,0.0903,0.286,97.399,392145,3
0.928,0.45,4,-19.682,0.319,0.79,8.6e-05,0.13,0.908,99.838,231040,4
0.234,0.209,10,-12.852,0.0377,0.862,0.02,0.119,0.0641,174.136,223173,4
0.696,0.133,7,-20.836,0.0387,0.714,9.66e-06,0.11,0.653,116.456,138133,4
0.347,0.289,11,-13.928,0.0397,0.661,1.53e-05,0.157,0.185,91.646,267693,4
0.59,0.109,11,-16.09,0.0877,0.943,0.0,0.0673,0.549,81.636,111200,3
0.591,0.719,5,-12.028,0.0368,0.0988,0.802,0.161,0.423,120.342,358883,4
0.678,0.794,10,-6.186,0.14,0.274,1.68e-06,0.124,0.54,87.374,290573,4
0.64,0.645,11,-7.047,0.191,0.0175,0.00098,0.111,0.736,157.443,170040,4
0.51,0.696,0,-8.907,0.0455,0.0406,0.574,0.043,0.566,79.85,294120,4
0.762,0.687,2,-10.879,0.164,0.149,0.0,0.348,0.664,101.789,286015,4
0.443,0.97,11,-7.183,0.217,0.00246,0.0793,0.0877,0.159,126.588,328707,4
0.456,0.344,0,-10.296,0.0298,0.565,9.19e-06,0.114,0.359,117.116,154480,4
0.535,0.424,9,-7.491,0.0314,0.626,0.0,0.191,0.539,97.506,127733,4
0.706,0.823,5,-9.075,0.045,0.124,0.0762,0.0994,0.97,126.155,345903,4
0.548,0.75,7,-6.229,0.284,0.00834,2.81e-06,0.166,0.617,82.811,221227,4
0.321,0.294,7,-12.568,0.0286,0.297,0.000561,0.295,0.18,172.859,153240,4
0.908,0.388,1,-22.742,0.132,0.0224,0.0156,0.251,0.809,95.819,233937,4
0.707,0.48,11,-14.098,0.0726,0.0112,0.901,0.186,0.217,107.002,457000,4
0.664,0.621,2,-6.521,0.0671,0.162,0.0694,0.353,0.489,89.566,205613,4
0.462,0.784,2,-5.069,0.0413,0.209,0.0131,0.0659,0.553,107.66,199053,4
0.459,0.699,5,-12.59,0.0742,0.149,0.0308,0.0911,0.186,97.434,419801,4
0.653,0.265,6,-17.536,0.0499,0.191,0.00331,0.355,0.129,121.021,64693,4
0.784,0.838,7,-9.282,0.0633,0.0499,0.389,0.0403,0.764,122.216,398933,4
0.174,0.628,5,-8.531,0.0627,0.0289,5.11e-05,0.0635,0.458,204.15,399290,3
0.648,0.826,3,-11.809,0.29,0.000161,0.00357,0.147,0.781,130.148,385413,4
0.662,0.631,5,-6.524,0.126,0.419,0.00274,0.11,0.381,136.041,197695,4
0.795,0.674,6,-4.937,0.245,0.0774,0.0,0.0971,0.728,93.087,284947,4
0.451,0.491,2,-14.56,0.0281,0.319,0.00134,0.0872,0.806,94.979,176400,4
0.393,0.703,10,-9.735,0.412,0.0106,0.238,0.571,0.825,185.219,109307,4
0.698,0.607,8,-9.489,0.0603,8.35e-05,0.876,0.121,0.0524,126.024,589067,4
0.48,0.717,0,-6.663,0.23,0.0625,0.000685,0.0814,0.335,109.756,247547,4
0.597,0.888,4,-8.288,0.22,0.383,0.0869,0.43,0.317,115.769,515253,4
0.455,0.493,2,-9.692,0.0284,0.779,0.000702,0.122,0.371,114.989,169533,4
0.487,0.712,8,-7.323,0.27,5.2e-05,0.0,0.198,0.397,156.209,212613,4
0.329,0.554,7,-13.235,0.0555,0.201,0.868,0.0866,0.344,76.788,421160,4
0.256,0.217,9,-9.313,0.0314,0.474,0.0346,0.107,0.346,65.923,95547,4
0.269,0.386,3,-18.731,0.0362,0.73,0.763,0.0969,0.598,79.661,393400,4
0.582,0.36,9,-10.629,0.0292,0.652,0.00412,0.112,0.532,92.402,260240,3
0.841,0.555,2,-10.65,0.164,0.0746,0.664,0.0659,0.789,115.995,368867,4
0.59,0.756,11,-13.328,0.0338,0.545,0.817,0.09,0.885,106.663,292670,3
0.396,0.79,4,-6.182,0.0306,0.000674,0.798,0.092,0.461,107.524,258173,4
0.654,0.414,1,-18.408,0.272,0.444,0.696,0.129,0.321,127.095,333067,4
0.278,0.195,11,-18.339,0.0305,0.708,0.000284,0.105,0.182,145.337,335067,4
0.769,0.493,7,-16.155,0.0579,0.000197,0.933,0.0935,0.0478,128.109,329680,4
0.697,0.997,2,-6.806,0.0611,0.000234,0.842,0.169,0.815,125.654,357329,4
0.63,0.654,11,-12.58,0.045,0.00627,0.739,0.142,0.857,117.15,212000,4
0.639,0.95,9,-8.092,0.0605,0.0401,0.0021,0.0732,0.902,138.041,399000,4
0.869,0.381,11,-15.616,0.263,0.000267,0.445,0.169,0.428,126.012,560600,4
0.356,0.581,0,-8.527,0.0656,0.56,8.17e-05,0.643,0.32,110.918,184733,4
0.591,0.866,9,-10.818,0.0337,0.0054,0.673,0.0892,0.638,140.658,408360,4
0.555,0.875,8,-7.587,0.0471,0.0496,6.91e-05,0.113,0.915,91.96,285867,4
0.765,0.564,2,-10.305,0.0419,0.79,0.000154,0.111,0.885,106.079,183640,4
0.686,0.698,5,-2.942,0.223,0.263,0.0,0.39,0.748,93.118,253200,4
0.563,0.894,0,-4.904,0.329,0.00666,0.0,0.3,0.333,188.89,229107,4
0.262,0.699,1,-10.115,0.0916,0.32,1.66e-06,0.284,0.817,205.041,234293,4
0.523,0.875,9,-8.969,0.0826,0.424,0.00305,0.417,0.258,118.652,174640,4
0.662,0.611,1,-7.921,0.203,0.42,0.000154,0.106,0.244,85.028,149160,4
0.824,0.623,3,-6.167,0.0485,0.334,0.312,0.101,0.518,128.161,772098,4
0.868,0.735,5,-8.793,0.0611,0.106,0.000756,0.039,0.372,125.364,462520,4
0.417,0.24,11,-18.934,0.0279,0.877,0.123,0.112,0.468,105.346,282747,4
0.405,0.142,1,-24.834,0.173,0.894,0.582,0.325,0.0785,98.832,1387773,4
0.804,0.751,8,-14.446,0.0921,0.0217,0.895,0.0869,0.354,130.509,296008,4
0.652,0.706,11,-7.45,0.24,0.0769,0.61,0.585,0.546,92.968,177120,4
0.51,0.505,9,-13.053,0.0344,0.342,0.96,0.117,0.318,114.532,293752,4
0.858,0.767,7,-8.645,0.302,0.00666,0.0,0.0489,0.753,91.522,226800,4
0.731,0.875,1,-11.85,0.0578,0.687,0.556,0.255,0.893,115.887,427049,4
0.716,0.729,1,-11.985,0.233,0.335,5.27e-06,0.226,0.666,114.502,203413,4
0.406,0.572,5,-10.231,0.0305,0.0226,0.095,0.39,0.422,105.624,255863,4
0.438,0.633,6,-11.798,0.0597,0.589,0.000135,0.185,0.746,167.0,270200,4
0.325,0.569,7,-10.826,0.0437,0.207,4.23e-05,0.662,0.231,150.351,274733,4
0.54,0.208,0,-20.187,0.348,0.767,0.806,0.0648,0.576,156.785,235307,3
0.381,0.48,5,-17.322,0.0981,0.847,0.612,0.346,0.202,125.476,802413,4
0.801,0.649,0,-16.399,0.0636,0.971,0.81,0.0886,0.228,160.045,318880,1
0.772,0.509,1,-12.227,0.0471,0.0507,0.0,0.0957,0.844,135.254,436867,4
0.638,0.802,0,-5.369,0.0514,0.0352,0.000177,0.0609,0.348,123.034,182480,4
0.488,0.893,9,-5.042,0.065,0.271,0.00889,0.0924,0.804,100.71,207587,4
0.705,0.938,7,-5.759,0.0801,0.423,0.672,0.281,0.801,97.394,267693,4
0.535,0.911,6,-2.306,0.1,0.457,4.85e-06,0.211,0.864,108.525,159053,4
0.665,0.747,0,-6.745,0.0309,0.126,0.0,0.0721,0.669,90.628,162933,4
0.614,0.821,4,-9.471,0.0544,0.000129,0.93,0.0489,0.652,142.379,359413,4
0.839,0.233,3,-13.539,0.0414,0.745,0.746,0.105,0.778,125.597,194293,4
0.568,0.636,4,-8.862,0.0297,0.431,3.02e-06,0.492,0.71,124.37,104507,4
0.41,0.726,9,-9.924,0.0556,0.0222,0.825,0.212,0.527,110.806,457853,4
0.745,0.654,1,-16.981,0.0499,0.866,0.923,0.0458,0.69,136.979,454133,4
0.253,0.615,7,-9.058,0.0326,0.00262,0.936,0.184,0.0395,111.316,558600,1
0.764,0.431,1,-14.107,0.0487,0.0272,0.933,0.111,0.492,124.99,418858,4
0.744,0.417,1,-12.1,0.0671,0.268,0.00325,0.0795,0.568,148.013,202733,4
0.608,0.777,1,-12.376,0.0482,0.00986,0.00124,0.171,0.907,100.982,385230,4
0.521,0.375,7,-14.399,0.0332,0.884,0.783,0.109,0.456,123.992,428543,3
0.251,0.916,11,-3.363,0.145,0.15,0.744,0.128,0.695,176.902,238457,4
0.515,0.777,1,-11.049,0.23,0.731,0.00136,0.212,0.645,91.435,331027,4
0.655,0.713,6,-11.4,0.0893,0.279,0.0287,0.132,0.433,106.872,450707,4
0.816,0.604,11,-12.078,0.101,0.000736,0.0,0.335,0.757,114.869,394337,4
0.577,0.919,5,-5.111,0.052,0.0263,0.121,0.0941,0.827,111.677,404417,4
0.799,0.505,7,-7.804,0.0557,0.000239,0.583,0.163,0.938,117.058,324200,4
0.943,0.422,8,-7.907,0.111,0.0334,0.000616,0.0256,0.671,128.369,224890,4
0.317,0.35,8,-17.515,0.0337,0.889,0.851,0.106,0.153,129.975,1458013,4
0.77,0.471,1,-12.409,0.0487,0.713,0.0,0.349,0.818,93.01,148933,4
0.884,0.559,10,-10.032,0.128,0.132,0.00028,0.082,0.246,125.818,237412,4
0.664,0.961,3,-8.072,0.0442,0.000984,0.934,0.191,0.86,132.131,392949,4
0.718,0.745,5,-11.265,0.037,0.0299,0.524,0.0918,0.706,109.379,282386,4
0.865,0.523,11,-11.209,0.283,0.000709,0.000435,0.077,0.456,92.861,249880,4
0.782,0.617,6,-13.28,0.288,0.00458,0.0,0.0933,0.476,104.585,249887,4
0.377,0.387,5,-11.688,0.029,0.89,0.427,0.108,0.644,149.126,209187,4
0.425,0.754,1,-8.521,0.0653,0.00246,0.104,0.581,0.615,144.131,380332,4
0.963,0.544,9,-10.471,0.0863,0.00469,4.55e-05,0.0584,0.766,114.744,310293,4
0.697,0.752,8,-6.093,0.195,0.000219,0.0,0.0537,0.676,72.126,223240,1
0.242,0.791,0,-10.503,0.0576,0.0128,0.0431,0.122,0.662,174.268,257147,4
0.569,0.794,2,-7.5,0.0436,0.111,0.00104,0.0839,0.397,106.055,170453,4
0.882,0.767,7,-10.314,0.122,0.00883,0.000982,0.434,0.968,126.889,328859,4
0.597,0.818,5,-9.349,0.057,0.000355,0.0918,0.432,0.713,119.086,413908,4
0.526,0.722,0,-9.497,0.357,0.343,5.02e-06,0.342,0.723,90.438,115827,4
0.721,0.82,9,-9.143,0.0759,0.37,0.0987,0.117,0.702,119.293,419125,4
0.715,0.785,10,-11.396,0.057,0.823,0.0133,0.0817,0.819,99.535,135093,4
0.464,0.415,4,-9.504,0.0276,0.756,0.0,0.372,0.566,96.515,229956,4
0.333,0.209,11,-20.242,0.0424,0.492,0.126,0.187,0.146,131.594,297160,4
0.526,0.767,7,-6.203,0.0444,0.256,1.51e-05,0.216,0.839,119.297,264922,4
0.401,0.507,0,-12.188,0.0416,0.937,0.858,0.198,0.0752,109.104,870107,4
0.575,0.859,11,-8.232,0.0609,0.272,0.00026,0.444,0.738,110.792,472493,4
0.811,0.499,7,-13.821,0.0824,0.00355,0.173,0.0577,0.336,111.771,743493,4
0.648,0.889,6,-9.23,0.0491,0.701,0.568,0.19,0.515,118.458,1210770,4
0.442,0.486,11,-13.41,0.0446,0.864,0.482,0.358,0.369,141.024,179973,4
0.629,0.571,4,-11.152,0.113,0.0192,0.000149,0.113,0.787,100.644,294853,4
0.41,0.67,5,-6.062,0.0333,0.00314,0.823,0.212,0.67,99.024,318760,4
0.638,0.668,0,-9.049,0.0467,0.632,1.44e-05,0.619,0.885,117.45,214773,4
0.428,0.531,7,-12.299,0.0624,0.719,1.49e-05,0.434,0.747,150.231,473000,4
0.379,0.349,7,-18.341,0.0914,0.939,0.92,0.0765,0.0369,107.067,138613,4
0.42,0.867,5,-7.348,0.0363,0.57,0.871,0.134,0.48,101.276,113333,4
0.511,0.673,11,-9.286,0.146,0.255,0.771,0.125,0.454,121.792,454500,4
0.486,0.963,0,-5.586,0.129,0.248,2.39e-06,0.158,0.533,113.133,146573,4
0.267,0.553,8,-9.156,0.0379,0.0042,0.0705,0.216,0.584,177.894,253893,4
0.66,0.395,11,-13.578,0.0412,0.925,0.774,0.14,0.562,110.688,526733,4
0.7,0.485,11,-13.386,0.0463,0.189,0.0434,0.139,0.444,115.909,223651,4
0.595,0.609,1,-12.888,0.0451,0.00612,0.0027,0.074,0.725,121.675,383766,4
0.792,0.676,2,-11.206,0.0657,0.648,0.0975,0.145,0.961,116.116,310987,4
0.38,0.829,5,-6.105,0.0405,8.4e-05,0.00208,0.342,0.0534,125.887,179547,4
0.779,0.414,1,-9.698,0.0486,0.0237,0.718,0.102,0.83,124.819,250227,4
0.537,0.342,4,-9.785,0.0338,0.833,0.6,0.0856,0.156,128.331,255387,3
0.518,0.656,4,-7.438,0.0264,0.511,0.156,0.0679,0.203,104.282,290213,4
0.825,0.738,7,-6.57,0.0759,0.316,0.000616,0.0386,0.54,111.379,277773,4
0.59,0.46,0,-18.392,0.0674,0.574,0.0541,0.564,0.777,139.672,191396,4
0.604,0.96,5,-6.943,0.0471,0.0218,0.343,0.174,0.961,118.713,248493,4
0.624,0.872,9,-5.94,0.042,0.479,3.52e-06,0.136,0.905,116.97,223293,4
0.784,0.838,7,-9.282,0.0633,0.0499,0.389,0.0403,0.764,122.216,398933,4
0.652,0.807,0,-4.831,0.049,0.462,0.000826,0.202,0.533,95.012,261813,4
0.733,0.931,11,-6.49,0.0344,0.000546,0.896,0.136,0.566,128.011,350213,4
0.738,0.847,5,-10.534,0.0424,0.00371,0.145,0.0671,0.687,119.629,701093,4
0.715,0.339,4,-19.189,0.284,0.977,0.0166,0.2,0.366,93.658,166400,4
0.615,0.97,1,-2.17,0.454,0.0869,0.0,0.0517,0.441,98.97,254813,4
0.247,0.655,7,-8.477,0.0738,0.126,0.332,0.0846,0.277,102.785,216440,4
0.499,0.377,2,-10.224,0.0302,0.107,0.0,0.149,0.351,142.065,198493,4
0.701,0.303,2,-16.037,0.0383,0.881,0.0422,0.0621,0.677,99.277,196720,4
0.078,0.902,8,-7.018,0.0706,0.362,0.855,0.215,0.125,182.635,292787,3
0.514,0.675,11,-10.966,0.0801,0.00426,0.267,0.105,0.0812,154.962,1262400,4
0.872,0.932,7,-3.742,0.191,0.033,0.0,0.233,0.526,93.026,276600,4
0.726,0.697,2,-8.911,0.207,0.196,0.000105,0.14,0.945,90.908,240627,4
0.773,0.947,8,-5.824,0.249,0.117,0.0,0.44,0.464,102.146,266194,4
0.912,0.847,7,-11.782,0.128,0.0449,0.905,0.0647,0.633,122.335,319206,4
0.64,0.571,8,-13.844,0.293,0.756,0.0368,0.082,0.898,146.95,236656,4
0.512,0.661,2,-10.514,0.0683,0.219,0.855,0.155,0.778,82.006,266040,4
0.277,0.501,9,-11.95,0.0374,0.519,0.609,0.124,0.343,146.263,323947,4
0.588,0.742,9,-9.914,0.0334,0.122,0.927,0.0752,0.306,140.318,165653,4
0.652,0.452,7,-15.558,0.362,0.0128,0.2,0.202,0.591,144.737,145173,4
0.889,0.347,9,-11.608,0.122,0.00258,0.00379,0.119,0.372,139.913,347907,4
0.48,0.162,5,-16.613,0.0359,0.919,0.000731,0.095,0.123,64.168,344000,3
0.641,0.512,10,-9.438,0.0425,0.084,0.914,0.11,0.629,126.57,230980,4
0.483,0.44,2,-12.064,0.0441,0.498,0.00429,0.0884,0.83,79.844,379552,3
0.559,0.164,1,-18.342,0.0326,0.966,0.32,0.0944,0.331,91.761,241867,3
0.764,0.724,0,-5.394,0.054,0.72,0.00135,0.28,0.693,101.505,376600,4
0.518,0.871,11,-6.106,0.0943,0.409,0.829,0.333,0.734,126.498,297080,4
0.318,0.904,1,-6.316,0.312,0.426,0.00549,0.907,0.787,186.716,202400,4
0.654,0.82,6,-7.23,0.0865,0.628,0.209,0.192,0.746,109.755,285600,3
0.862,0.691,8,-9.751,0.119,0.0272,0.0,0.042,0.761,124.868,367600,4
0.591,0.981,4,-2.559,0.0929,0.569,0.0,0.308,0.937,137.651,194173,4
0.594,0.562,11,-7.616,0.0344,0.842,0.883,0.289,0.339,115.328,218160,3
0.793,0.474,5,-17.406,0.0431,0.0776,0.795,0.0636,0.803,119.989,387307,4
0.472,0.328,5,-14.218,0.0676,0.589,0.605,0.137,0.391,139.783,479653,3
0.701,0.268,0,-14.453,0.046,0.953,0.00272,0.179,0.573,80.677,216933,4
0.552,0.854,6,-13.518,0.0606,0.00458,0.783,0.071,0.774,179.0,66680,4
0.431,0.0316,0,-22.681,0.0377,0.993,0.905,0.653,0.185,70.732,170044,4
0.32,0.637,11,-12.303,0.0611,0.804,0.686,0.61,0.468,127.499,533920,4
0.79,0.591,10,-11.371,0.0517,8.18e-06,0.845,0.0789,0.309,129.145,354326,4
0.72,0.787,6,-7.521,0.13,0.168,0.151,0.0633,0.916,123.847,205049,4
0.637,0.73,7,-8.968,0.0585,0.225,0.024,0.0732,0.712,95.497,221973,4
0.771,0.987,11,-6.19,0.0477,0.0124,0.804,0.0567,0.832,130.006,321427,4
0.73,0.41,10,-10.186,0.481,0.903,0.922,0.122,0.885,120.867,229735,4
0.363,0.786,5,-10.403,0.15,0.176,0.00354,0.081,0.722,103.852,436880,4
0.397,0.926,2,-5.925,0.1,0.223,0.00421,0.911,0.678,119.715,471520,4
0.521,0.261,9,-21.941,0.0391,0.21,0.000278,0.0868,0.726,78.706,258264,4
0.508,0.411,9,-21.463,0.0716,0.666,0.333,0.178,0.662,80.922,178008,4
0.168,0.85,8,-13.037,0.0679,0.447,0.252,0.518,0.0387,151.297,1035285,4
0.635,0.878,8,-7.642,0.0527,0.0108,0.0548,0.0417,0.909,117.597,500893,4
0.483,0.488,6,-13.056,0.0323,0.00624,0.0213,0.112,0.237,128.94,221400,4
0.417,0.693,10,-8.984,0.0329,0.0147,0.0914,0.28,0.285,115.909,197973,4
0.534,0.337,4,-9.159,0.0309,0.712,0.0,0.271,0.257,131.238,188133,4
0.743,0.583,1,-14.382,0.0416,0.359,0.542,0.227,0.961,89.533,101947,4
0.353,0.0584,2,-23.809,0.0414,0.979,0.0111,0.0654,0.0642,81.985,299533,4
0.44,0.499,11,-9.517,0.0358,0.492,0.0233,0.111,0.379,144.137,199880,4
0.484,0.884,9,-5.878,0.185,0.286,0.867,0.892,0.661,136.416,364013,4
0.526,0.294,6,-11.202,0.0327,0.833,0.0156,0.109,0.264,137.96,245293,4
0.176,0.754,5,-8.753,0.194,0.251,0.779,0.459,0.567,160.26,259627,4
0.478,0.748,0,-7.723,0.0463,0.198,1.68e-05,0.0776,0.81,121.076,110747,4
0.552,0.425,4,-11.437,0.0255,0.144,0.208,0.125,0.639,86.865,314653,4
0.459,0.645,11,-12.363,0.0487,0.827,0.608,0.256,0.614,143.032,272200,4
0.368,0.653,2,-6.076,0.0617,0.238,0.0,0.19,0.763,170.686,163620,4
0.745,0.908,6,-6.016,0.151,0.0397,2.46e-05,0.102,0.727,108.788,438732,4
0.638,0.744,7,-15.36,0.0553,0.834,0.382,0.118,0.801,121.151,256400,4
0.499,0.605,10,-6.835,0.0506,0.775,0.0,0.17,0.562,81.554,151500,4
0.721,0.768,11,-9.232,0.0578,0.485,0.0408,0.0597,0.875,117.43,672139,4
0.721,0.713,8,-11.678,0.032,0.751,0.691,0.125,0.958,125.098,405253,4
0.656,0.792,2,-7.121,0.0478,0.0688,0.654,0.091,0.498,93.804,180078,4
0.794,0.766,0,-7.024,0.0584,0.0397,5.93e-05,0.105,0.962,127.059,336773,4
0.911,0.504,8,-7.666,0.0679,0.911,0.0,0.116,0.903,116.393,170919,1
0.817,0.868,9,-3.02,0.336,0.029,0.0,0.0876,0.568,102.497,244253,4
0.344,0.361,4,-17.302,0.0281,0.884,0.84,0.123,0.286,104.43,340173,4
0.672,0.767,8,-7.434,0.198,0.408,0.267,0.454,0.541,130.371,353653,4
0.29,0.414,11,-16.281,0.0368,0.109,0.704,0.13,0.219,103.994,604213,4
0.704,0.948,9,-8.189,0.0782,0.00416,0.881,0.00997,0.726,122.995,364693,4
0.787,0.58,1,-17.922,0.0454,0.261,0.87,0.104,0.931,128.938,394360,4
0.646,0.334,8,-20.239,0.0372,0.546,2.71e-05,0.109,0.836,101.865,175533,4
0.279,0.514,10,-6.901,0.0339,0.653,0.000501,0.433,0.419,92.263,134976,3
0.653,0.658,8,-8.093,0.05,0.146,0.0028,0.0881,0.678,136.128,119188,4
0.248,0.759,7,-3.838,0.0533,0.0129,2.03e-06,0.163,0.419,122.608,295627,3
0.356,0.806,2,-10.506,0.0899,0.132,0.0051,0.105,0.599,115.271,292000,4
0.576,0.675,2,-9.088,0.0289,0.000512,0.0725,0.0652,0.366,114.863,197107,4
0.497,0.758,11,-11.439,0.0282,0.000669,0.744,0.167,0.547,92.592,278560,4
0.793,0.632,6,-13.029,0.0926,0.00114,0.889,0.0869,0.358,131.641,312533,4
0.799,0.764,11,-7.85,0.0919,0.217,0.718,0.281,0.381,127.498,256413,4
0.709,0.73,8,-9.004,0.0541,5.26e-06,0.491,0.248,0.353,128.004,376627,4
0.281,0.0576,2,-23.794,0.0458,0.979,0.0123,0.067,0.0648,87.967,299533,4
0.54,0.459,5,-13.608,0.0436,0.749,0.000144,0.121,0.66,116.657,331173,4
0.474,0.673,6,-13.307,0.0656,0.791,0.239,0.0931,0.685,89.787,349427,4
0.577,0.162,11,-22.378,0.0277,0.944,0.872,0.0947,0.0379,82.969,844943,4
0.462,0.722,11,-7.731,0.0338,0.0374,0.00551,0.126,0.921,131.915,568827,4
0.807,0.893,11,-8.315,0.16,0.469,0.000485,0.0674,0.965,124.944,246080,4
0.445,0.279,4,-16.49,0.0426,0.984,0.871,0.0977,0.426,145.582,353293,4
0.787,0.906,7,-7.444,0.0539,0.000124,0.915,0.15,0.473,132.806,478800,4
0.89,0.878,1,-4.996,0.13,0.0241,0.0312,0.0383,0.835,127.038,434893,4
0.945,0.681,5,-5.908,0.185,0.217,0.000992,0.0647,0.629,125.011,444047,4
0.694,0.932,0,-7.1,0.0644,0.0193,0.0129,0.128,0.887,126.455,513717,4
0.762,0.912,4,-8.949,0.185,0.00244,0.241,0.329,0.818,123.99,244253,4
0.586,0.811,6,-8.159,0.0708,0.319,1.22e-05,0.22,0.668,105.495,190374,4
0.766,0.856,8,-11.249,0.115,0.131,0.0205,0.397,0.696,106.114,403760,4
0.79,0.429,0,-8.654,0.078,0.119,6.6e-06,0.23,0.778,134.828,307853,4
0.834,0.313,2,-21.646,0.057,0.3,0.782,0.0998,0.173,119.966,319347,4
0.742,0.957,0,-8.428,0.0362,0.000909,0.904,0.0819,0.39,129.993,413635,4
0.451,0.62,5,-13.122,0.038,0.356,0.892,0.0637,0.389,184.432,246827,4
0.283,0.538,2,-8.407,0.0334,0.533,0.0672,0.126,0.149,138.652,209389,4
0.383,0.832,7,-11.296,0.0928,0.52,0.00305,0.295,0.531,117.302,178495,4
0.747,0.84,2,-6.324,0.0692,0.01,0.000197,0.662,0.723,124.094,408560,4
0.426,0.903,1,-5.822,0.0659,0.000135,0.0256,0.699,0.12,121.03,254067,4
0.889,0.84,8,-6.771,0.0331,0.109,0.37,0.104,0.158,123.983,381806,4
0.835,0.904,1,-7.572,0.067,0.00125,0.256,0.0681,0.382,126.561,294040,4
0.264,0.691,10,-7.638,0.0372,0.11,2.45e-05,0.516,0.392,142.717,189227,4
0.572,0.51,1,-12.823,0.328,0.236,0.000809,0.0884,0.738,92.923,454560,4
0.632,0.987,7,-4.532,0.0559,0.603,0.842,0.14,0.929,133.995,248467,4
0.46,0.67,7,-6.067,0.0874,0.0575,1.92e-05,0.0982,0.449,105.74,165107,4
0.853,0.614,6,-10.426,0.125,0.763,0.069,0.0757,0.767,94.451,163027,4
0.513,0.271,5,-18.032,0.0826,0.87,0.889,0.0755,0.669,73.197,376560,4
0.803,0.654,0,-10.071,0.0468,0.00349,0.733,0.0859,0.435,128.007,467333,4
0.799,0.448,9,-9.101,0.0534,0.16,0.435,0.0479,0.694,110.063,187970,4
0.858,0.858,2,-10.59,0.0628,0.022,0.854,0.058,0.854,120.008,323161,4
0.611,0.461,0,-12.925,0.0432,0.276,0.307,0.0971,0.248,127.074,1224156,4
0.718,0.767,2,-12.314,0.0493,0.257,0.155,0.238,0.502,126.018,500552,4
0.801,0.74,1,-10.485,0.0427,0.0198,0.87,0.0672,0.588,127.003,540508,4
0.752,0.791,10,-12.4,0.0554,0.637,0.751,0.1,0.11,116.004,553500,4
0.396,0.909,9,-7.859,0.0574,0.564,0.821,0.393,0.297,119.991,214240,4
0.563,0.464,8,-9.203,0.248,0.111,0.933,0.0528,0.06,121.374,439007,4
0.744,0.484,7,-13.403,0.0438,0.573,0.94,0.107,0.289,125.007,587040,4
0.624,0.894,0,-9.969,0.0768,0.464,0.892,0.164,0.73,119.503,203082,4
0.751,0.957,0,-5.454,0.115,0.431,0.00259,0.78,0.923,131.861,229867,4
0.553,0.567,11,-14.529,0.0774,0.706,0.0,0.151,0.707,82.872,167837,4
0.389,0.905,5,-8.117,0.176,0.666,0.0224,0.401,0.663,68.826,217267,4
0.541,0.622,3,-6.087,0.0302,0.517,0.000603,0.0416,0.897,100.861,163387,4
0.625,0.963,0,-4.655,0.0874,0.536,0.00174,0.0643,0.794,123.052,218201,4
0.642,0.806,2,-5.911,0.0691,0.613,0.000329,0.13,0.772,93.83,218573,4
0.796,0.665,8,-7.094,0.0893,0.00741,0.0,0.0941,0.716,113.198,268853,4
0.642,0.849,6,-6.199,0.0484,0.0193,0.799,0.0515,0.647,125.695,513307,4
0.72,0.744,7,-9.664,0.0485,0.000628,0.825,0.0907,0.152,126.015,320086,4
0.203,0.483,2,-14.788,0.0461,0.415,0.0403,0.0782,0.116,121.887,285003,5
0.48,0.188,5,-16.333,0.0401,0.69,0.462,0.107,0.611,84.178,245080,4
0.55,0.568,5,-10.387,0.037,0.432,0.81,0.104,0.341,94.04,202147,4
0.473,0.406,0,-11.317,0.112,0.131,0.788,0.109,0.323,176.863,304632,5
0.724,0.856,9,-10.862,0.068,0.0137,0.701,0.0574,0.595,154.022,512120,4
0.468,0.408,8,-15.807,0.131,0.849,3.11e-05,0.145,0.447,128.679,90667,4
0.799,0.614,7,-11.09,0.0873,0.193,0.922,0.102,0.0372,119.995,480000,4
0.602,0.929,8,-9.66,0.0528,0.0529,0.868,0.124,0.658,124.56,678907,4
0.614,0.547,11,-10.754,0.116,0.36,0.0448,0.352,0.922,122.365,404391,4
0.606,0.815,11,-9.147,0.0489,0.456,0.56,0.0926,0.882,128.164,284986,4
0.801,0.857,1,-7.602,0.0593,0.000293,0.656,0.148,0.63,127.924,408400,4
0.876,0.518,5,-13.189,0.0619,0.0701,0.0249,0.0651,0.871,115.955,378485,4
0.723,0.754,10,-9.376,0.0576,0.0491,0.00112,0.393,0.592,97.201,420720,4
0.8,0.998,11,-12.176,0.0654,0.207,0.929,0.0538,0.191,132.03,337932,4
0.913,0.351,1,-12.246,0.311,0.674,0.00253,0.0804,0.303,105.013,230746,4
0.627,0.66,0,-9.405,0.121,0.306,0.0532,0.134,0.965,149.01,300611,4
0.639,0.652,9,-8.215,0.0289,0.576,0.00111,0.171,0.784,131.309,202000,4
0.358,0.343,11,-11.845,0.0331,0.829,0.00499,0.178,0.117,125.13,242040,4
0.797,0.945,1,-8.502,0.048,0.0526,0.9,0.0653,0.634,128.004,408406,3
0.284,0.456,0,-9.757,0.0383,0.849,0.000127,0.13,0.226,83.373,231240,1
0.327,0.971,0,-10.844,0.0365,0.64,0.863,0.108,0.924,119.084,396000,4
0.622,0.413,3,-10.972,0.0357,0.408,0.517,0.101,0.21,108.804,439133,4
0.605,0.679,9,-8.854,0.0421,0.917,0.912,0.0985,0.845,169.467,358582,4
0.784,0.483,11,-11.687,0.218,0.113,0.835,0.657,0.775,88.653,151679,4
0.591,0.571,8,-18.388,0.0471,0.713,0.724,0.448,0.672,109.763,593770,4
0.801,0.879,0,-9.882,0.0787,0.0168,0.917,0.114,0.462,129.998,294899,4
0.567,0.835,8,-6.11,0.0581,0.277,0.0127,0.683,0.815,132.207,315867,4
0.799,0.855,11,-8.169,0.0717,0.00439,0.862,0.0652,0.522,128.365,321227,4
0.854,0.867,3,-7.437,0.0564,0.00211,0.907,0.0529,0.474,122.925,379880,4
0.695,0.836,11,-13.328,0.0438,0.00763,0.109,0.112,0.76,131.116,440941,4
0.357,0.965,5,-6.742,0.178,0.334,0.939,0.681,0.228,126.073,281653,4
0.683,0.643,2,-8.523,0.0332,0.663,0.0849,0.0919,0.883,133.335,183475,4
0.368,0.878,0,-10.546,0.151,0.621,0.0159,0.387,0.589,127.598,424381,4
0.576,0.862,7,-5.717,0.0678,0.392,0.0309,0.0698,0.747,92.56,296507,4
0.843,0.634,2,-10.189,0.173,0.122,0.00873,0.0297,0.485,96.16,247040,4
0.853,0.641,5,-7.273,0.0512,0.000553,0.893,0.343,0.956,122.727,186279,4
0.567,0.908,7,-6.769,0.0758,0.0654,0.0385,0.125,0.616,105.653,346227,4
0.366,0.486,3,-12.228,0.084,0.605,0.116,0.105,0.434,175.949,193987,4
0.71,0.768,8,-9.205,0.0492,0.76,0.852,0.101,0.936,117.773,140640,4
0.586,0.288,1,-11.378,0.0334,0.459,0.931,0.092,0.616,121.716,44400,4
0.877,0.718,11,-10.324,0.0607,6.37e-06,0.956,0.109,0.137,130.976,442437,4
0.352,0.0433,10,-24.963,0.0309,0.882,0.938,0.0985,0.0645,66.549,568947,4
0.219,0.214,9,-21.796,0.0327,0.695,6.02e-05,0.0936,0.11,94.228,243293,4
0.261,0.384,5,-11.912,0.0304,0.0717,0.875,0.286,0.0406,105.43,285280,4
0.722,0.673,11,-5.766,0.0541,0.0495,0.000138,0.107,0.74,111.7,226813,4
0.594,0.541,4,-10.896,0.102,0.21,0.00855,0.14,0.215,94.998,761091,4
0.0997,0.19,1,-24.144,0.0534,0.967,0.919,0.365,0.124,69.266,1393224,4
0.559,0.594,6,-13.64,0.102,0.464,0.0,0.478,0.933,165.022,152733,4
0.553,0.598,7,-9.807,0.0421,0.667,0.0,0.322,0.915,90.462,163307,4
0.24,0.504,9,-10.857,0.0364,0.0632,0.000128,0.127,0.0603,185.09,351096,4
0.612,0.552,0,-11.219,0.0264,0.0282,0.795,0.268,0.884,140.283,267213,4
0.451,0.447,7,-12.059,0.0313,0.007,0.924,0.114,0.0594,124.107,334427,4
0.51,0.467,8,-8.466,0.0466,0.801,0.475,0.124,0.448,79.02,275320,4
0.752,0.696,9,-7.086,0.0495,0.00276,0.0476,0.115,0.87,133.52,313467,4
0.625,0.701,9,-9.94,0.168,0.489,0.000413,0.247,0.841,133.489,216760,4
0.731,0.225,0,-16.682,0.0518,0.293,0.0302,0.103,0.125,134.231,173240,4
0.458,0.071,10,-21.087,0.0668,0.93,0.000285,0.11,0.4,86.996,290227,4
0.907,0.66,1,-11.951,0.0459,0.0335,0.194,0.112,0.973,130.747,338410,4
0.54,0.625,2,-5.26,0.0562,0.000366,0.675,0.0822,0.434,148.56,222387,4
0.756,0.793,6,-8.854,0.0619,0.0534,0.921,0.353,0.838,122.599,345353,4
0.203,0.204,1,-19.617,0.0394,0.939,0.412,0.107,0.0528,64.094,47027,5
0.55,0.861,2,-13.183,0.0414,0.0258,0.793,0.0852,0.775,133.944,573693,4
0.588,0.572,5,-10.429,0.0572,0.753,0.000356,0.171,0.776,120.294,180151,4
0.42,0.227,11,-20.506,0.036,0.0814,4.55e-05,0.202,0.573,139.613,263472,4
0.347,0.301,5,-20.989,0.037,0.124,1.3e-05,0.114,0.372,86.03,282744,4
0.429,0.585,6,-15.392,0.261,0.688,0.113,0.123,0.599,195.838,328882,3
0.377,0.574,4,-10.742,0.0722,0.154,0.253,0.104,0.458,97.506,523793,4
0.48,0.806,6,-12.351,0.0441,0.627,0.682,0.175,0.905,124.881,342000,5
0.658,0.823,1,-14.668,0.0492,0.0816,0.891,0.314,0.838,115.352,432000,4
0.678,0.832,4,-5.99,0.0717,0.00341,0.00118,0.0665,0.539,125.133,364547,4
0.827,0.659,7,-9.453,0.291,0.0234,0.00399,0.0747,0.556,126.02,439467,4
0.671,0.803,5,-10.244,0.0279,0.0493,0.839,0.104,0.873,118.132,348203,4
0.433,0.598,0,-14.949,0.0483,0.0536,0.932,0.112,0.548,99.041,256350,4
0.676,0.861,4,-8.991,0.0537,0.00576,0.00916,0.02,0.706,92.361,493990,4
0.492,0.99,1,-10.264,0.0399,0.775,0.8,0.112,0.807,119.879,356000,4
0.427,0.869,5,-8.674,0.0354,0.76,0.914,0.411,0.637,178.971,274000,4
0.539,0.257,6,-21.099,0.217,0.161,0.455,0.357,0.403,105.69,764013,1
0.805,0.823,11,-9.172,0.0621,0.00303,0.674,0.106,0.442,123.993,330732,4
0.891,0.511,1,-9.948,0.0937,0.00128,0.94,0.332,0.103,123.057,641585,4
0.745,0.587,9,-8.101,0.163,0.0329,0.266,0.0922,0.86,131.976,342013,4
0.681,0.436,10,-9.514,0.0767,0.842,4.19e-05,0.154,0.606,110.273,245000,3
0.808,0.865,5,-4.431,0.0839,4.58e-05,0.942,0.202,0.589,128.028,458360,4
0.802,0.812,1,-11.996,0.0743,0.0168,0.918,0.0421,0.707,126.665,197521,4
0.61,0.763,9,-8.396,0.0318,0.00506,0.161,0.307,0.739,122.984,422160,4
0.585,0.792,2,-9.957,0.05,0.169,4.83e-05,0.293,0.504,118.807,184147,4
0.801,0.551,6,-10.084,0.0573,0.0038,0.909,0.108,0.451,125.979,385858,4
0.38,0.125,3,-25.247,0.0547,0.937,0.806,0.265,0.0386,106.428,1278587,4
0.22,0.301,0,-13.828,0.0329,0.311,0.858,0.138,0.0284,77.326,385040,4
0.803,0.745,0,-7.59,0.0422,0.0135,0.00355,0.0765,0.964,123.202,167922,4
0.473,0.406,0,-11.317,0.112,0.131,0.788,0.109,0.323,176.863,304632,5
0.762,0.911,11,-8.886,0.0445,0.000711,0.888,0.127,0.447,134.993,299314,5
0.42,0.555,10,-10.11,0.0898,0.204,0.00672,0.138,0.466,175.867,195813,4
0.354,0.946,10,-12.835,0.0873,0.0945,0.876,0.102,0.69,161.848,219027,4
0.706,0.79,7,-13.131,0.166,0.928,0.892,0.0782,0.228,108.231,242133,4
0.737,0.721,1,-6.501,0.0441,0.22,0.0,0.0865,0.783,148.896,258200,4
0.674,0.923,0,-4.113,0.067,0.00169,0.494,0.0582,0.609,128.58,356750,4
0.52,0.744,11,-16.027,0.0411,0.499,0.837,0.566,0.0374,135.002,546667,4
0.312,0.725,10,-9.921,0.0427,0.0235,0.0501,0.0877,0.799,120.817,123067,4
0.487,0.173,4,-17.968,0.0412,0.991,0.93,0.0862,0.174,142.395,571973,4
0.405,0.411,11,-10.757,0.0426,0.756,0.118,0.12,0.188,86.035,344440,4
0.743,0.786,9,-9.619,0.0368,0.597,0.00013,0.0499,0.874,97.288,172960,4
0.67,0.267,6,-18.571,0.0572,0.676,5.12e-06,0.102,0.474,91.105,161533,4
0.657,0.21,4,-16.932,0.0281,0.905,0.313,0.133,0.2,105.06,285453,4
0.688,0.891,11,-10.478,0.0399,0.0379,0.609,0.374,0.83,140.483,101467,4
0.734,0.743,2,-7.581,0.0317,0.472,0.0,0.325,0.947,125.369,268840,4
0.272,0.364,0,-10.829,0.0449,0.488,0.904,0.0694,0.245,95.422,345333,4
0.169,0.378,7,-12.48,0.0391,0.172,0.759,0.0837,0.039,126.07,597427,3
0.837,0.489,1,-18.556,0.119,0.305,0.917,0.519,0.486,125.508,236842,4
0.514,0.474,8,-10.897,0.0297,0.136,0.0301,0.14,0.649,89.925,178480,4
0.244,0.174,9,-19.196,0.037,0.926,0.33,0.118,0.0501,128.866,181170,4
0.131,0.231,10,-18.531,0.0349,0.93,0.64,0.0574,0.122,146.943,184307,4
0.8,0.727,9,-8.776,0.0956,0.0579,0.902,0.104,0.302,122.012,539320,4
0.446,0.562,4,-11.967,0.0757,0.353,0.115,0.144,0.341,148.436,213466,4
0.858,0.575,3,-8.953,0.0377,0.00292,1.26e-05,0.0577,0.894,115.534,374840,4
0.71,0.692,1,-6.414,0.0298,0.403,0.0,0.117,0.895,97.595,127773,4
0.513,0.3,5,-13.766,0.0421,0.298,0.954,0.111,0.0318,100.678,123387,4
0.619,0.531,2,-11.857,0.0284,0.881,0.0918,0.0896,0.731,92.83,245107,4
0.81,0.433,7,-14.776,0.104,0.00571,0.00176,0.119,0.69,109.227,198307,4
0.583,0.893,7,-5.34,0.0486,0.136,0.0367,0.109,0.904,126.35,158928,4
0.633,0.395,8,-9.638,0.0857,0.692,0.000222,0.108,0.123,138.023,314075,4
0.545,0.545,9,-7.362,0.107,0.667,5.48e-05,0.417,0.549,159.94,184516,3
0.719,0.822,7,-6.674,0.145,0.255,0.000177,0.0655,0.859,96.783,186467,4
0.585,0.743,2,-8.104,0.0387,0.212,0.0343,0.187,0.752,112.465,215880,4
0.833,0.434,2,-8.795,0.431,0.0102,0.0219,0.165,0.281,150.062,204600,4
0.701,0.603,11,-9.657,0.032,0.239,1.11e-06,0.243,0.882,106.759,225333,4
0.389,0.305,1,-22.512,0.375,0.581,0.0005,0.126,0.434,84.065,254642,3
0.653,0.676,0,-14.988,0.0676,0.331,7.7e-05,0.269,0.891,130.085,229107,4
0.503,0.427,11,-13.956,0.0435,0.654,0.0216,0.0719,0.469,117.589,207533,4
0.598,0.829,0,-8.32,0.0346,0.0297,0.0102,0.403,0.878,131.194,257400,4
0.696,0.556,2,-11.284,0.0842,0.049,0.00935,0.12,0.968,124.291,319053,4
0.423,0.639,9,-8.644,0.0895,0.526,0.000515,0.306,0.81,150.97,282427,3
0.79,0.742,7,-12.769,0.0519,0.0576,0.877,0.1,0.0411,128.983,741413,4
0.582,0.824,0,-9.843,0.0904,7.07e-05,0.554,0.354,0.745,123.982,657743,4
0.477,0.846,11,-11.546,0.049,0.0608,0.78,0.136,0.611,112.215,163813,4
0.418,0.655,1,-18.576,0.156,0.622,0.897,0.0948,0.564,83.611,138693,4
0.509,0.254,0,-12.091,0.122,0.495,0.0111,0.135,0.384,184.337,288613,4
0.27,0.314,7,-15.629,0.0316,0.889,0.516,0.0991,0.277,103.883,243447,4
0.306,0.15,9,-18.007,0.0358,0.903,0.198,0.0874,0.137,138.88,381497,4
0.519,0.6,2,-14.247,0.178,0.043,0.534,0.0767,0.958,170.069,245905,4
0.724,0.627,7,-8.902,0.0975,0.0815,0.573,0.0951,0.641,159.999,281733,4
0.659,0.547,1,-12.746,0.035,0.134,0.00147,0.112,0.4,129.387,362800,4
0.565,0.659,4,-17.199,0.057,0.927,0.955,0.216,0.861,109.313,180949,4
0.68,0.629,3,-12.203,0.0435,0.936,0.872,0.101,0.819,95.653,243688,4
0.412,0.0994,10,-14.362,0.0352,0.988,0.5,0.143,0.0397,144.075,228120,1
0.821,0.745,0,-10.203,0.0575,0.00511,0.881,0.068,0.442,126.006,417238,4
0.821,0.498,2,-11.605,0.0616,0.00926,0.00202,0.0413,0.964,120.338,344973,4
0.517,0.505,0,-11.479,0.0417,0.849,0.0397,0.357,0.96,120.819,424970,4
0.345,0.958,6,-7.777,0.395,0.824,0.754,0.068,0.112,110.773,137013,3
0.573,0.896,6,-4.575,0.0604,2.09e-05,0.598,0.0937,0.604,164.92,457880,4
0.688,0.888,5,-7.2,0.331,0.405,0.000374,0.118,0.713,107.973,220400,4
0.716,0.808,5,-9.491,0.0662,0.335,0.0,0.095,0.902,121.243,264613,4
0.825,0.911,6,-3.918,0.0522,0.00806,0.78,0.327,0.982,124.949,415730,4
0.894,0.917,6,-3.81,0.0904,0.0459,0.876,0.0585,0.927,124.995,400748,4
0.866,0.932,6,-4.32,0.0581,0.00851,0.909,0.0628,0.984,131.993,349624,4
0.918,0.546,8,-6.515,0.123,0.0159,0.154,0.0659,0.747,131.95,394578,4
